<?xml version="1.0" encoding="utf-8"?>
<Patch>
	<Operation Class="PatchOperationFindMod">
		<mods>
			<li>tosenbo.Ricecultivatingcivilization.ver2</li>
		</mods>
		<match Class="PatchOperationSequence">
			<success>Always</success>

	<operations>
		<li Class="PatchOperationAdd">
		<xpath>Defs/TraderKindDefs[defName = "Caravan_GHG_SakeDealer"]/stockGenerators/li/thingDefs</xpath>
			<value>
				<li Class="StockGenerator_Category">
					<categoryDef>ZPDrugBase</categoryDef>
					<thingDefCountRange>15~17</thingDefCountRange>
					<countRange>5~15</countRange>
				</li>
			</value>
		</li>

		<li Class="PatchOperationAdd">
		<xpath>Defs/TraderKindDefs[defName = "Base_GHG_Standard"]/stockGenerators/li/thingDefs</xpath>
			<value>
				<li Class="StockGenerator_Category">
					<categoryDef>ZPDrugBase</categoryDef>
					<thingDefCountRange>3~5</thingDefCountRange>
					<countRange>5~15</countRange>
				</li>
				<li Class="StockGenerator_Category">
					<categoryDef>ZP_SimpleMeals</categoryDef>
					<thingDefCountRange>1~2</thingDefCountRange>
					<countRange>10~30</countRange>
				</li>
				<li Class="StockGenerator_Category">
					<categoryDef>ZP_FineMeals</categoryDef>
					<thingDefCountRange>1~2</thingDefCountRange>
					<countRange>10~30</countRange>
				</li>
				<li Class="StockGenerator_Category">
					<categoryDef>ZPLuxury</categoryDef>
					<thingDefCountRange>5~10</thingDefCountRange>
					<countRange>10~30</countRange>
				</li>
				<li Class="StockGenerator_Category">
					<categoryDef>ZPDrink</categoryDef>
					<thingDefCountRange>5~10</thingDefCountRange>
					<countRange>10~30</countRange>
				</li>
				<li Class="StockGenerator_Category">
					<categoryDef>ZP_Seasoning</categoryDef>
					<thingDefCountRange>1~2</thingDefCountRange>
					<countRange>10~30</countRange>
				</li>
				<li Class="StockGenerator_Category">
					<categoryDef>FruitFoodRaw</categoryDef>
					<thingDefCountRange>4~4</thingDefCountRange>
					<countRange>10~30</countRange>
				</li>
			</value>
		</li>

	</operations>
		</match>
	</Operation>
</Patch>