<?xml version="1.0" encoding="utf-8" ?>
<Defs>

<HediffDef ParentName="AddedBodyPartBase">
	<defName>RepairedHorn_GHG</defName>
	<label>repaired horn</label>
	<labelNoun>a repaired horn</labelNoun>
	<description>repaired horn.</description>
	<addedPartProps>
		<solid>true</solid>
		<partEfficiency>0.60</partEfficiency>
	</addedPartProps>
</HediffDef>

<ThingDef ParentName="BodyPartBase">
	<defName>GHG_HornRepairKit</defName>
	<label>horn repair kit</label>
	<description>A horn repair kit including a lacquar mixed with starch, gold and steel powder.</description>
	<descriptionHyperlinks><RecipeDef>RepairHorn_GHG</RecipeDef></descriptionHyperlinks>
	<techLevel>Medieval</techLevel>
	<thingCategories>
		<li>BodyPartsProsthetic</li>
	</thingCategories>
	<graphicData>
		<texPath>Things/Item/HornRepairKit</texPath>
		<graphicClass>Graphic_Single</graphicClass>
		<drawSize>1</drawSize>
		<color>(1,1,1)</color>
	</graphicData>
	<statBases>
		<Mass>3</Mass>
		<WorkToMake>15000</WorkToMake>
	</statBases>
	<recipeMaker>
		<workSpeedStat>GeneralLaborSpeed</workSpeedStat>
		<workSkill>Crafting</workSkill>
		<effectWorking>Smith</effectWorking>
		<soundWorking>Recipe_Smith</soundWorking>
		<recipeUsers>
			<li>CraftingSpot</li>
			<li>DrugLab</li>
		</recipeUsers>
		<skillRequirements>
			<Crafting>5</Crafting>
		</skillRequirements>
		<unfinishedThingDef>UnfinishedHealthItemProsthetic</unfinishedThingDef>
		<researchPrerequisite>Prosthetics</researchPrerequisite>
	</recipeMaker>
	<costList>
		<Neutroamine>3</Neutroamine>
		<RawRice>10</RawRice>
		<Steel>5</Steel>
		<Gold>15</Gold>
	</costList>
	<techHediffsTags>
		<li>Simple</li>
	</techHediffsTags>
</ThingDef>

<RecipeDef ParentName="SurgeryFlesh">
	<defName>RepairHorn_GHG</defName>
	<label>repair horn</label>
	<description>Repair a damaged horn.</description>
    <descriptionHyperlinks><ThingDef>GHG_HornRepairKit</ThingDef></descriptionHyperlinks>
	<jobString>Repairing horn</jobString>
	<ingredients>
		<li>
			<filter>
				<thingDefs>
					<li>GHG_HornRepairKit</li>
				</thingDefs>
			</filter>
			<count>1</count>
		</li>
	</ingredients>
	<fixedIngredientFilter>
		<thingDefs>
			<li>GHG_HornRepairKit</li>
		</thingDefs>
	</fixedIngredientFilter>
	<appliedOnFixedBodyParts>
		<li>Horn_GHG</li>
	</appliedOnFixedBodyParts>
	<addsHediff>RepairedHorn_GHG</addsHediff>
</RecipeDef>

</Defs>