<?xml version="1.0" encoding="utf-8" ?>
<Defs>

<BeardDef>
	<defName>GHG_Beard_A</defName>
	<label>gokusotsu beard A</label>
	<texPath>Gokusotsu/Beards/GHG_BeardA</texPath>
	<styleTags>
		<li>GHG_Beard</li>
	</styleTags>
</BeardDef>

<BeardDef>
	<defName>GHG_Beard_B</defName>
	<label>gokusotsu beard B</label>
	<texPath>Gokusotsu/Beards/GHG_BeardB</texPath>
	<styleTags>
		<li>GHG_Beard</li>
	</styleTags>
</BeardDef>

<BeardDef>
	<defName>GHG_Beard_C</defName>
	<label>gokusotsu beard C</label>
	<texPath>Gokusotsu/Beards/GHG_BeardC</texPath>
	<styleTags>
		<li>GHG_Beard</li>
	</styleTags>
</BeardDef>

</Defs>