<?xml version="1.0" encoding="utf-8"?>
<Defs>

	<ThingDef ParentName="FurnitureWithQualityBase"><!-- 将棋盤 -->
		<defName>GHG_ShougiTable</defName>
		<label>shougi table</label>
		<description>Shougi table.\nThis building requires adjacent chairs or stools to use.</description>
	<graphicData>
		<texPath>Things/Building/Joy/ShougiTable</texPath>
		<graphicClass>Graphic_Multi</graphicClass>
		<shaderType>CutoutComplex</shaderType>
		<shadowData>
			<volume>(0.65, 0.25, 0.6)</volume>
			<offset>(0, 0, -0.15)</offset>
		</shadowData>
		<damageData>
		<rect>(0.09375,0.296875,0.796875,0.703125)</rect>
			<cornerTL>Damage/Corner</cornerTL>
			<cornerTR>Damage/Corner</cornerTR>
			<cornerBL>Damage/Corner</cornerBL>
			<cornerBR>Damage/Corner</cornerBR>
		</damageData>
	</graphicData>
		<altitudeLayer>Building</altitudeLayer>
		<rotatable>true</rotatable>
		<socialPropernessMatters>true</socialPropernessMatters>
		<fillPercent>0.20</fillPercent>
		<building>
			<joyKind>Gaming_Cerebral</joyKind>
			<paintable>true</paintable>
		</building>
		<researchPrerequisites>
			<li>ComplexFurniture</li>
		</researchPrerequisites>
			<statBases>
				<MaxHitPoints>100</MaxHitPoints>
				<WorkToBuild>8000</WorkToBuild>
				<Mass>2</Mass>
				<Flammability>1.0</Flammability>
				<Beauty>2</Beauty>
				<JoyGainFactor>0.8</JoyGainFactor>
			</statBases>
			<stuffCategories>
				<li>Metallic</li>
				<li>Woody</li>
				<li>Stony</li>
			</stuffCategories>
			<costStuffCount>35</costStuffCount>
		<pathCost>14</pathCost>
		<passability>PassThroughOnly</passability>
		<designationCategory>Joy</designationCategory>
	</ThingDef>

	<ThingDef ParentName="FurnitureWithQualityBase"><!-- 雀卓 -->
		<defName>GHG_MahjongTable</defName>
		<label>mahjong table</label>
		<description>Table for mahjong.\n\nThis building requires adjacent chairs or stools to use.</description>
	<graphicData>
			<texPath>Things/Building/Joy/MahjongTable</texPath>
			<graphicClass>Graphic_Single</graphicClass>
			<shaderType>CutoutComplex</shaderType>
			<drawSize>(4,4)</drawSize>
      <shadowData>
        <volume>(1.6, 0.3, 1.6)</volume>
        <offset>(0, 0, -0.15)</offset>
      </shadowData>
		</graphicData>
	<rotatable>false</rotatable>
	<altitudeLayer>Building</altitudeLayer>
	<socialPropernessMatters>true</socialPropernessMatters>
	<fillPercent>0.40</fillPercent>
	<building>
		<joyKind>Gaming_Cerebral</joyKind>
		<buildingSizeCategory>Medium</buildingSizeCategory>
		<paintable>true</paintable>
	</building>
	<statBases>
		<MaxHitPoints>250</MaxHitPoints>
		<WorkToBuild>10000</WorkToBuild>
		<Mass>30</Mass>
		<Flammability>1.0</Flammability>
		<Beauty>0</Beauty>
		<JoyGainFactor>1.3</JoyGainFactor>
	</statBases>
	<size>(2,2)</size>
	<stuffCategories>
		<li>Metallic</li>
		<li>Woody</li>
		<li>Stony</li>
	</stuffCategories>
	<costStuffCount>50</costStuffCount>
	<costList>
		<Cloth>50</Cloth>
		<WoodLog>25</WoodLog>
	</costList>
	<pathCost>42</pathCost>
	<passability>PassThroughOnly</passability>
	<designationCategory>Joy</designationCategory>
	<designationHotKey>Misc5</designationHotKey>
	<canOverlapZones>false</canOverlapZones>
	<researchPrerequisites>
		<li>ComplexFurniture</li>
	</researchPrerequisites>
	<constructionSkillPrerequisite>6</constructionSkillPrerequisite>
	<uiIconScale>0.9</uiIconScale>
</ThingDef>
</Defs>