<?xml version="1.0" encoding="utf-8"?>
<Defs>

<TraderKindDef><!-- 弁当屋 -->
	<defName>Caravan_GHG_Bento</defName>
	<label>meal caterer</label>
	<stockGenerators>

	<li Class="StockGenerator_SingleDef">
		<thingDef>Silver</thingDef>
		<countRange>750~1200</countRange>
	</li>
	<li Class="StockGenerator_SingleDef">
		<thingDef>Gold</thingDef>
		<countRange>100~350</countRange>
	</li>
	<li Class="StockGenerator_SingleDef">
		<thingDef>MedicineHerbal</thingDef>
		<countRange>7~10</countRange>
	</li>
	<li Class="StockGenerator_SingleDef">
		<thingDef>Beer</thingDef>
		<totalPriceRange>200~600</totalPriceRange>
	</li>
	<li Class="StockGenerator_Category">
		<categoryDef>ZP_SurvivalMeals</categoryDef>
		<thingDefCountRange>1~1</thingDefCountRange>
		<totalPriceRange>400~600</totalPriceRange>
	</li>
	<li Class="StockGenerator_Category">
		<categoryDef>ZP_SimpleMeals</categoryDef>
		<thingDefCountRange>1~2</thingDefCountRange>
		<totalPriceRange>400~600</totalPriceRange>
	</li>
	<li Class="StockGenerator_Category">
		<categoryDef>ZP_FineMeals</categoryDef>
		<thingDefCountRange>1~2</thingDefCountRange>
		<totalPriceRange>400~600</totalPriceRange>
	</li>
	<li Class="StockGenerator_Category">
		<categoryDef>ZPLuxury</categoryDef>
		<thingDefCountRange>5~7</thingDefCountRange>
		<totalPriceRange>400~600</totalPriceRange>
	</li>
	<li Class="StockGenerator_Category">
		<categoryDef>ZPDrink</categoryDef>
		<thingDefCountRange>3~4</thingDefCountRange>
		<totalPriceRange>400~600</totalPriceRange>
	</li>
	<li Class="StockGenerator_Category">
		<categoryDef>ZP_Seasoning</categoryDef>
		<thingDefCountRange>1~2</thingDefCountRange>
		<totalPriceRange>400~600</totalPriceRange>
	</li>
	<li Class="StockGenerator_Category">
		<categoryDef>FruitFoodRaw</categoryDef>
		<thingDefCountRange>4~4</thingDefCountRange>
		<totalPriceRange>400~600</totalPriceRange>
	</li>
	<li Class="StockGenerator_MultiDef">
		<thingDefs>
			<li>Chocolate</li>
			<li>Kibble</li>
		</thingDefs>
	</li>

<!-- Buying -->
	<li Class="StockGenerator_BuyExpensiveSimple" />
	<li Class="StockGenerator_BuyTradeTag"><tag>Art</tag></li>
	<li Class="StockGenerator_BuyTradeTag"><tag>MusicalInstrument</tag></li>
	<li Class="StockGenerator_BuyTradeTag"><tag>GHG_Apparel</tag></li>

	</stockGenerators>
</TraderKindDef>

</Defs>