<?xml version="1.0" encoding="utf-8" ?>
<Defs>

<HeadTypeDef Name="GHG_HeadBase" ParentName="AverageBase" Abstract="True">
		<gender>None</gender>
</HeadTypeDef>

<HeadTypeDef ParentName="GHG_HeadBase">
	<defName>Head_A</defName>
		<graphicPath>Things/GokusotsuHeads/Head_A</graphicPath>
</HeadTypeDef>

<HeadTypeDef ParentName="GHG_HeadBase">
	<defName>Head_B</defName>
		<graphicPath>Things/Gokusotsu/Heads/Head_B</graphicPath>
</HeadTypeDef>

<HeadTypeDef ParentName="GHG_HeadBase">
	<defName>Head_C</defName>
		<graphicPath>Things/Gokusotsu/Heads/Head_C</graphicPath>
</HeadTypeDef>

<HeadTypeDef ParentName="GHG_HeadBase">
	<defName>Head_D</defName>
		<graphicPath>Things/Gokusotsu/Heads/Head_D</graphicPath>
</HeadTypeDef>

<HeadTypeDef ParentName="GHG_HeadBase">
	<defName>Head_E</defName>
		<graphicPath>Things/Gokusotsu/Heads/Head_E</graphicPath>
</HeadTypeDef>

<HeadTypeDef ParentName="GHG_HeadBase">
	<defName>Head_F</defName>
		<graphicPath>Things/Gokusotsu/Heads/Head_F</graphicPath>
</HeadTypeDef>

<HeadTypeDef ParentName="GHG_HeadBase">
	<defName>Head_G</defName>
		<graphicPath>Things/Gokusotsu/Heads/Head_G</graphicPath>
</HeadTypeDef>

<HeadTypeDef ParentName="GHG_HeadBase"><!-- 馬頭 -->
	<defName>MezuHead</defName>
		<graphicPath>Things/Gokusotsu/Heads/MezuHead</graphicPath>
</HeadTypeDef>

<HeadTypeDef ParentName="GHG_HeadBase">
	<defName>GozuHead</defName>
		<graphicPath>Things/Gokusotsu/Heads/GozuHead</graphicPath>
</HeadTypeDef>

</Defs>