<?xml version="1.0" encoding="utf-8"?>
<Defs>

<JobDef>
	<defName>Play_Shougi</defName>
	<driverClass>JobDriver_SitFacingBuilding</driverClass>
	<reportString>playing shougi.</reportString>
	<joyDuration>4000</joyDuration>
	<joyMaxParticipants>4</joyMaxParticipants>
	<joyGainRate>1</joyGainRate>
	<joySkill>Intellectual</joySkill>
	<joyXpPerTick>0.002</joyXpPerTick>
	<joyKind>Gaming_Cerebral</joyKind>
	<taleOnCompletion>PlayedGame</taleOnCompletion>
	<allowOpportunisticPrefix>true</allowOpportunisticPrefix>
</JobDef>

<JobDef>
	<defName>Play_Mahjong</defName>
	<driverClass>JobDriver_SitFacingBuilding</driverClass>
	<reportString>building mahjong.</reportString>
	<joyDuration>4000</joyDuration>
	<joyMaxParticipants>4</joyMaxParticipants>
	<joyGainRate>1</joyGainRate>
	<joySkill>Intellectual</joySkill>
	<joyXpPerTick>0.004</joyXpPerTick>
	<joyKind>Gaming_Cerebral</joyKind>
	<taleOnCompletion>PlayedGame</taleOnCompletion>
	<allowOpportunisticPrefix>true</allowOpportunisticPrefix>
</JobDef>

</Defs>