<?xml version="1.0" encoding="utf-8" ?>
<Patch>
	<Operation Class="PatchOperationSequence">
		<success>Always</success>
		<operations>

	<li Class="PatchOperationAdd">
	<xpath>Defs/ThingDefs_Races/Gokusotsu_Base[defName = "BaseGHG"]/alienRace/thoughtSettings/cannotReceiveThoughts</xpath>
		<value>
			<li>HAR_AteAlienMeat_Know_Abhorrent</li>
			<li>HAR_AteAlienMeat_Abhorrent</li>
			<li>HAR_ButcheredAlien_Know_Abhorrent</li>
			<li>HAR_AteAlienMeat_Disapproved</li>
			<li>HAR_AteAlienMeat_Know_Disapproved</li>
			<li>HAR_ButcheredAlien_Know_Disapproved</li>
			<li>HAR_ButcheredAlien_Know_Disapproved_Opinion</li>
			<li>AteHumanMeat_Abhorrent</li>
			<li>AteHumanMeat_Know_Abhorrent</li>
			<li>HumanLeatherApparel_Abhorrent</li>
			<li>ButcheredHuman_Know_Abhorrent</li>
			<li>ButcheredHuman_Know_Abhorrent_Opinion</li>
			<li>AteHumanMeat_Horrible</li>
			<li>AteHumanMeat_Know_Horrible</li>
			<li>HumanLeatherApparel_Horrible</li>
			<li>ButcheredHuman_Know_Horrible</li>
			<li>ButcheredHuman_Know_Horrible_Opinion</li>
			<li>AteHumanMeat_Disapproved</li>
			<li>AteHumanMeat_Know_Disapproved</li>
			<li>HumanLeatherApparel_Disapproved</li>
			<li>ButcheredHuman_Know_Disapproved</li>
			<li>ButcheredHuman_Know_Disapproved_Opinion</li>
			<li>HarvestedOrgan_Know_Abhorrent</li>
			<li>HarvestedOrgan_Know_Horrible</li>
			<li>TradedOrgan_Abhorrent</li>
			<li>TradedOrgan_Know_Abhorrent</li>
			<li>TradedOrgan_Know_Abhorrent_Mood</li>
			<li>InstalledOrgan_Abhorrent</li>
			<li>InstalledOrgan_Know_Abhorrent</li>
			<li>InstalledOrgan_Know_Abhorrent_Mood</li>
			<li>SoldOrgan_Disapproved</li>
			<li>SoldOrgan_Know_Horrible_Mood</li>
			<li>SoldOrgan_Know_Disapproved</li>
			<li>ExecutedPrisoner_Know_Abhorrent</li>
			<li>InnocentPrisonerDied_Know_Abhorrent</li>
			<li>ExecutedPrisoner_Know_Horrible</li>
			<li>InnocentPrisonerDied_Know_Horrible</li>
			<li>ExecutedPrisonerInnocent_Know_Horrible</li>
			<li>InnocentPrisonerDied_Abhorrent</li>
			<li>InnocentPrisonerDied_Horrible</li>
		</value>
	</li>

	<!-- <li Class="PatchOperationAdd">
		<xpath>Defs/AlienRace.ThingDef_AlienRace[defName = "BaseGHG"]/alienRace/raceRestriction/whiteApparelList</xpath>
		<value>
			<li>Apparel_PackJump</li>
			<li>Apparel_PackBroadshield</li>
			<li>Apparel_PackJump</li>
		</value>
	</li>

	<li Class="PatchOperationAdd">
		<xpath>Defs/Factions[defName = "GHG_Faction"]/disallowedPrecepts</xpath>
		<value>
			<li>Slavery_Abhorrent</li>
			<li>Slavery_Horrible</li>
			<li>Slavery_Disapproved</li>
			<li>Cannibalism_Abhorrent</li>
			<li>Cannibalism_Horrible</li>
			<li>Cannibalism_Disapproved</li>
			<li>DrugUse_Prohibited</li>
			<li>DrugUse_MedicalOnly</li>
			<li>Nudity_Male_CoveringAnythingButGroinDisapproved</li>
			<li>Nudity_Female_CoveringAnythingButGroinDisapproved</li>
			<li>Execution_Abhorrent</li>
			<li>Execution_Horrible</li>
			<li>Execution_HorribleIfInnocent</li>
			<li>Lovin_Horrible</li>
			<li>Lovin_SpouseOnly_Moderate</li>
			<li>Lovin_SpouseOnly_Mild</li>
		</value>
	</li> -->

	</operations>
</Operation>
</Patch>