<?xml version="1.0" encoding="utf-8" ?>
<Defs>
<CultureDef>
<defName>GHG_Culture</defName>
	<label>jigoku culture</label>
	<description>hellish culture.</description>
	<ideoNameMaker MayRequire="Ludeon.RimWorld.Ideology">NamerIdeoRustican</ideoNameMaker>
	<deityNameMaker MayRequire="Ludeon.RimWorld.Ideology">NamerDeityRustican</deityNameMaker>
	<deityTypeMaker MayRequire="Ludeon.RimWorld.Ideology">DeityTypeMakerRustican</deityTypeMaker>
	<leaderTitleMaker MayRequire="Ludeon.RimWorld.Ideology">LeaderTitleMaker_Rustican</leaderTitleMaker>
	<festivalNameMaker MayRequire="Ludeon.RimWorld.Ideology">NamerFestivalRustican</festivalNameMaker>
	<allowedPlaceTags>
		<li>OriginTribal</li>
	</allowedPlaceTags>
	<iconPath>Things/WorldIcon/GHGcolonyicon</iconPath>
	<iconColor>(255,51,0)</iconColor>

	<thingStyleCategories>
		<li MayRequire="Ludeon.RimWorld.Ideology">
			<category>Buddhist</category>
			<priority>2</priority>
		</li>
		<li MayRequire="Ludeon.RimWorld.Ideology">
			<category>Spikecore</category>
			<priority>3</priority>
		</li>
		<li MayRequire="Ludeon.RimWorld.Ideology">
			<category>Morbid</category>
			<priority>4</priority>
		</li>
	</thingStyleCategories>

	<styleItemTags>
		<li>
			<tag>Tribal</tag>
			<baseWeight>1</baseWeight>
			<weightFactor>1</weightFactor>
		</li>
		<li>
			<tag>GHG_Hair</tag>
			<baseWeight>1</baseWeight>
			<weightFactor>1</weightFactor>
		</li>
		<li>
			<tag>GHG_Beard</tag>
			<baseWeight>1</baseWeight>
			<weightFactor>1</weightFactor>
		</li>
		<li>
			<tag>NoTattoo</tag>
			<baseWeight>1</baseWeight>
			<weightFactor>1</weightFactor>
		</li>
	</styleItemTags>
</CultureDef>
</Defs>