<?xml version="1.0" encoding="utf-8" ?>
<Defs>
<AlienRace.ThingDef_AlienRace ParentName="BasePawn" Name="BaseGHG" Abstract="True">
	<description>They were originally guards in a huge punishment facility spreading underground in another world. \nOne day, they were seduced by a newly-arrived scholar and sucked out into this world through a "gate" that they were made to build (perhaps with the promise of an endless supply of alcohol, etc.). \nFor a while afterwards, they worked together to find the scholar who had successfully escaped. \nHowever, they realized that their lives became mortal like the creatures of mortal world, and that their favorite things (alcohol, fighting, and human flesh) were available everywhere. In addition, the absence of their boss had destroyed their teamwork, and the all gokusotsu scattered to the planets to do as they pleased.</description>
<race>
	<baseBodySize>1.5</baseBodySize>
	<baseHealthScale>1.0</baseHealthScale>
	<thinkTreeMain>Humanlike</thinkTreeMain>
	<thinkTreeConstant>HumanlikeConstant</thinkTreeConstant>
	<intelligence>Humanlike</intelligence>
	<makesFootprints>true</makesFootprints>
	<lifeExpectancy>300</lifeExpectancy>
	<nameCategory>HumanStandard</nameCategory>
	<nameGenerator>NamerGHG</nameGenerator>
	<foodType>CarnivoreAnimal, Fluid, AnimalProduct, Liquor</foodType>
	<hasGenders>true</hasGenders>
	<gestationPeriodDays>100</gestationPeriodDays>
	<litterSizeCurve>
	<points>
		<li>(1, 0)</li>
		<li>(2, 100)</li>
		<li>(3, 3)</li>
		<li>(4, 0)</li>
		<li>(5, 0)</li>
	</points>
	</litterSizeCurve>
	<lifeStageWorkSettings MayRequire="Ludeon.RimWorld.Biotech">
		<Firefighter>5</Firefighter>
		<Patient>0</Patient>
		<Doctor>10</Doctor>
		<PatientBedRest>0</PatientBedRest>
		<Childcare MayRequire="Ludeon.RimWorld.Biotech">0</Childcare>
		<BasicWorker>7</BasicWorker>
		<Warden>10</Warden>
		<Handling>7</Handling>
		<Cooking>10</Cooking>
		<Hunting>7</Hunting>
		<Construction>7</Construction>
		<Growing>10</Growing>
		<Mining>7</Mining>
		<PlantCutting>10</PlantCutting>
		<Smithing>13</Smithing>
		<Tailoring>7</Tailoring>
		<Art>10</Art>
		<Crafting>7</Crafting>
		<Hauling>3</Hauling>
		<Cleaning>3</Cleaning>
		<Research>13</Research>
	</lifeStageWorkSettings>
		<soundMeleeHitPawn>Pawn_Melee_BigBash_HitPawn</soundMeleeHitPawn>
		<soundMeleeHitBuilding>Pawn_Melee_BigBash_HitBuilding</soundMeleeHitBuilding>
		<soundMeleeMiss>Pawn_Melee_BigBash_Miss</soundMeleeMiss>
	<specialShadowData>
		<volume>(0.3, 0.8, 0.4)</volume>
		<offset>(0,0,-0.3)</offset>
	</specialShadowData>
	<ageGenerationCurve>
	<points>
		<li>(0,0)</li>
		<li MayRequire="Ludeon.RimWorld.Biotech">(0.001,43)</li>
		<li MayRequire="Ludeon.RimWorld.Biotech">(8,86)</li>
		<li MayRequire="Ludeon.RimWorld.Biotech">(12.5,118)</li><!-- Exclude 12.5-13 years -->
		<li MayRequire="Ludeon.RimWorld.Biotech">(12.51,0)</li>
		<li MayRequire="Ludeon.RimWorld.Biotech">(13,0)</li>
		<li MayRequire="Ludeon.RimWorld.Biotech">(13.001,122)</li><!-- End exclude -->
		<li MayRequire="Ludeon.RimWorld.Biotech">(13.999,130)</li>
		<li>(14,0)</li>
		<li MayRequire="Ludeon.RimWorld.Biotech">(14.001,130)</li>
		<li>(50,5)</li>
		<li>(100,100)</li>
		<li>(200,50)</li>
		<li>(250,5)</li>
		<li>(300,0)</li>
	</points>
	</ageGenerationCurve>
	<hediffGiverSets>
		<li>OrganicStandard</li>
	</hediffGiverSets>
</race>

<tools>
	<li>
		<label>left fist</label>
		<capacities>
			<li>Blunt</li>
		</capacities>
		<power>10</power>
		<cooldownTime>1.5</cooldownTime>
		<linkedBodyPartsGroup>LeftHand</linkedBodyPartsGroup>
	<surpriseAttack>
		<extraMeleeDamages>
			<li>
				<def>Stun</def>
				<amount>10</amount>
			</li>
		</extraMeleeDamages>
	</surpriseAttack>
	</li>
	<li>
		<label>right fist</label>
		<capacities>
			<li>Blunt</li>
		</capacities>
		<power>10</power>
		<cooldownTime>1.5</cooldownTime>
		<linkedBodyPartsGroup>RightHand</linkedBodyPartsGroup>
	<surpriseAttack>
		<extraMeleeDamages>
			<li>
				<def>Stun</def>
				<amount>10</amount>
			</li>
		</extraMeleeDamages>
	</surpriseAttack>
	</li>
	<li>
		<label>teeth</label>
		<capacities>
			<li>Bite</li>
		</capacities>
		<power>15</power>
		<cooldownTime>2</cooldownTime>
		<linkedBodyPartsGroup>Teeth</linkedBodyPartsGroup>
	<surpriseAttack>
		<extraMeleeDamages>
			<li>
				<def>Bite</def>
				<amount>10</amount>
			</li>
		</extraMeleeDamages>
	</surpriseAttack>
		<chanceFactor>0.4</chanceFactor>
	</li>
	<li>
		<label>head</label>
		<capacities>
			<li>Blunt</li>
		</capacities>
		<power>13</power>
		<cooldownTime>2</cooldownTime>
		<linkedBodyPartsGroup>HeadAttackTool</linkedBodyPartsGroup>
		<ensureLinkedBodyPartsGroupAlwaysUsable>true</ensureLinkedBodyPartsGroupAlwaysUsable>
		<chanceFactor>0.2</chanceFactor>
	</li>
</tools>

<alienRace>
<generalSettings>
	<minAgeForAdulthood>16</minAgeForAdulthood>
	<allowHumanBios>false</allowHumanBios>
	<humanRecipeImport>true</humanRecipeImport>
	<immuneToAge>true</immuneToAge>
	<maleGenderProbability>1.0</maleGenderProbability>
	<maxDamageForSocialfight>6</maxDamageForSocialfight>

	<lovinIntervalHoursFromAge>
		<points>
			<li>(16, 5)</li>
			<li>(22, 3)</li>
			<li>(30, 2)</li>
			<li>(50, 1.5)</li>
			<li>(125, 1)</li>
			<li>(150, 1)</li>
			<li>(300, 5)</li>
		</points>
	</lovinIntervalHoursFromAge>

<alienPartGenerator>
	<bodyTypes>
		<li>Hulk</li>
		<li>Fat</li>
		<li MayRequire="Ludeon.RimWorld.Biotech">Baby</li>
		<li MayRequire="Ludeon.RimWorld.Biotech">Child</li>
	</bodyTypes>
	<customDrawSize>(1.2, 1.2)</customDrawSize>
	<customHeadDrawSize>(1.1, 1.1)</customHeadDrawSize>
	<customPortraitDrawSize>(1.0, 1.0)</customPortraitDrawSize>
	<customPortraitHeadDrawSize>(1.0, 1.0)</customPortraitHeadDrawSize>
	<getsGreyAt>200</getsGreyAt>

</alienPartGenerator>

<disallowedTraits>
	<li>
		<defName>Beauty</defName>
		<degree>1</degree>
		<chance>100</chance>
	</li>
	<li>
		<defName>Beauty</defName>
		<degree>2</degree>
		<chance>100</chance>
	</li>
	<li>
		<defName>Cannibal</defName>
	</li>
	<li>
		<defName>Asexual</defName>
	</li>
	<li>
		<defName>Wimp</defName>
	</li>
</disallowedTraits>
<forcedRaceTraitEntries>
	<li>
		<defName>Gay</defName>
		<chance>50</chance>
	</li>
	<li>
		<defName>Bloodlust</defName>
		<chance>30</chance>
	</li>
	<li>
		<defName>Brawler</defName>
		<chance>20</chance>
	</li>
	</forcedRaceTraitEntries>

<chemicalSettings><!-- 飲酒時hediff -->
	<li>
	<chemical>Alcohol</chemical>
		<reactions>
		<li Class="IngestionOutcomeDoer_GiveHediff">
			<hediffDef>AlcoholHigh_GHG</hediffDef>
			<severity>0.666</severity>
		</li>
		</reactions>
	</li>
</chemicalSettings>

<reproduction MayRequire="Ludeon.RimWorld.Biotech">
	<maleFertilityAgeFactor>
		<points>
			<li>(14, 0)</li>
			<li>(18, 1)</li>
			<li>(250, 1)</li>
			<li>(300, 0)</li>
		</points>
</maleFertilityAgeFactor>
</reproduction>

</generalSettings>

<graphicPaths>
	<head>Gokusotsu/Heads/</head>
	<body><path>Gokusotsu/Bodies/</path>
		<bodytypeGraphics>
			<Fat><path>Gokusotsu/Bodies/Naked_Fat</path>
				<geneGraphics>
					<Furskin MayRequire="Ludeon.RimWorld.Biotech">Gokusotsu/Bodies/FurCovered_Fat</Furskin>
				</geneGraphics>
			</Fat>
			<Hulk><path>Gokusotsu/Bodies/Naked_Hulk</path>
				<geneGraphics>
					<Furskin MayRequire="Ludeon.RimWorld.Biotech">Gokusotsu/Bodies/FurCovered_Hulk</Furskin>
				</geneGraphics>
			</Hulk>
			<Child MayRequire="Ludeon.RimWorld.Biotech"><path>Gokusotsu/Bodies/Naked_Child</path>
				<geneGraphics>
					<Furskin MayRequire="Ludeon.RimWorld.Biotech">Gokusotsu/Bodies/Naked_FurChild</Furskin>
				</geneGraphics>
			</Child>
			<Baby MayRequire="Ludeon.RimWorld.Biotech"><path>Things/Pawn/Humanlike/Bodies/Naked_Child</path>
			</Baby>
		</bodytypeGraphics>
	</body>
	<skeleton>Things/Pawn/Humanlike/Bodies/Dessicated/Dessicated_Male</skeleton>
	<stump>Gokusotsu/Bodies/Stump</stump>
	<skinShader>Cutout</skinShader>
</graphicPaths>

<raceRestriction>
	<onlyUseRaceRestrictedApparel>true</onlyUseRaceRestrictedApparel>
	<onlyUseRaceRestrictedWeapons>false</onlyUseRaceRestrictedWeapons>
	<onlyBuildRaceRestrictedBuildings>false</onlyBuildRaceRestrictedBuildings>
	<onlyEatRaceRestrictedFood>false</onlyEatRaceRestrictedFood>
	<apparelList>
		<li>Apparel_FundoshiA</li>
		<li>Apparel_FundoshiB</li>
		<li>Apparel_Koshinuno</li>
		<li>Apparel_OufukuCape</li>
		<li>Apparel_Happi</li>
		<li>Apparel_Nagatekkou</li>
		<li>Apparel_Kote</li>
		<li>Apparel_Igote</li>
		<li>Apparel_Kyahan</li>
		<li>Apparel_Nenju</li>
		<li>Apparel_GokusotsuGlasses</li>
		<li>Apparel_GokusotsuEarrings</li>
		<li MayRequire="Ludeon.RimWorld.Biotech">Apparel_Haragake</li>
		<li MayRequire="Ludeon.RimWorld.Biotech">Apparel_Yukinko</li>
	</apparelList>
	<whiteApparelList>
		<li>Apparel_PsychicShockLance</li>
		<li>Apparel_PsychicInsanityLance</li>
		<li>Apparel_ShieldBelt</li>
		<li>Apparel_SmokepopBelt</li>
		<li>Apparel_FirefoampopPack</li>
		<li MayRequire="Ludeon.RimWorld.Royalty">Apparel_PackJump</li>
		<li MayRequire="Ludeon.RimWorld.Royalty">Apparel_PackBroadshield</li>
		<li MayRequire="Ludeon.RimWorld.Biotech">Apparel_PackControl</li>
		<li MayRequire="Ludeon.RimWorld.Biotech">Apparel_PackBandwidth</li>
		<li MayRequire="Ludeon.RimWorld.Biotech">Apparel_PackTox</li>
		<li MayRequire="Ludeon.RimWorld.Biotech">Apparel_AirwireHeadset</li>
		<li MayRequire="Ludeon.RimWorld.Biotech">Apparel_IntegratorHeadset</li>
		<li MayRequire="Ludeon.RimWorld.Biotech">Apparel_ArmorHelmetMechCommander</li>
		<li MayRequire="Ludeon.RimWorld.Biotech">Apparel_ArrayHeadset</li>
		<li MayRequire="VanillaExpanded.VMemesE">VME_TackleBox</li>
		<li MayRequire="Solaris.RatkinRaceMod">RK_EarCostume</li>
		<li MayRequire="SutSutMan.MinchoTheMintChocoSlimeHARver">Mincho_BunnyGirlEar</li>
		<li MayRequire="SutSutMan.MinchoTheMintChocoSlimeHARver">Mincho_BunnyGirlTail</li>
		<li MayRequire="Dajian.ChiTeaditional.Expanded">Apparel_JinDou</li>
		<li MayRequire="Dajian.ChiTeaditional.Expanded">Apparel_LianHua</li>
		<li MayRequire="Dajian.ChiTeaditional.Expanded">Apparel_FengHuoLun</li>
		<li MayRequire="BlackMarket420.KraltechIndustries">Apparel_ShieldBeltStrong</li>
		<li MayRequire="BlackMarket420.KraltechIndustries">Apparel_EnforcerBackPackMelee</li>
		<li MayRequire="BlackMarket420.KraltechIndustries">Apparel_EnforcerBackPackRanger</li>
		<li MayRequire="BlackMarket420.KraltechIndustries">Apparel_TravelersBackPack</li>
		<li MayRequire="BlackMarket420.KraltechIndustries">Apparel_EnforcerShieldBelt</li>
		<li MayRequire="YokaiMura.1.32">Yokai_Omamori_Hirameki</li>
		<li MayRequire="YokaiMura.1.32">Yokai_Omamori_Tuchi</li>
		<li MayRequire="YokaiMura.1.32">Yokai_Omamori_Wa</li>
		<li MayRequire="YokaiMura.1.32">Yokai_Omamori_Jin</li>
		<li MayRequire="YokaiMura.1.32">Yokai_Omamori_Ikusa</li>
		<li MayRequire="YokaiMura.1.32">Yokai_Omamori_Karibito</li>
		<li MayRequire="YokaiMura.1.32">Yokai_Hi_No_Magatama</li>
		<li MayRequire="YokaiMura.1.32">Yokai_Nagi_no_Magatama</li>
		<li MayRequire="Torann.ARimworldOfMagic">TM_Artifact_Silver</li>
		<li MayRequire="Torann.ARimworldOfMagic">TM_Artifact_Slate</li>
		<li MayRequire="Torann.ARimworldOfMagic">TM_Artifact_Medicine</li>
		<li MayRequire="Torann.ARimworldOfMagic">TM_Artifact_Limestone</li>
		<li MayRequire="Torann.ARimworldOfMagic">TM_Artifact_Granite</li>
		<li MayRequire="Torann.ARimworldOfMagic">TM_Artifact_Marble</li>
		<li MayRequire="Torann.ARimworldOfMagic">TM_Artifact_Sandstone</li>
		<li MayRequire="Torann.ARimworldOfMagic">TM_Artifact_Steel</li>
		<li MayRequire="Torann.ARimworldOfMagic">TM_Artifact_Iron</li>
		<li MayRequire="Torann.ARimworldOfMagic">TM_Artifact_Jade</li>
		<li MayRequire="Torann.ARimworldOfMagic">TM_Artifact_Gold</li>
		<li MayRequire="Torann.ARimworldOfMagic">TM_Artifact_Magicyte</li>
		<li MayRequire="Torann.ARimworldOfMagic">TM_Artifact_Wood</li>
		<li MayRequire="Torann.ARimworldOfMagic">TM_Artifact_BracersOfThePacifist</li>
		<li MayRequire="Torann.ARimworldOfMagic">TM_Artifact_BracersOfDefense</li>
		<li MayRequire="Torann.ARimworldOfMagic">TM_Artifact_BracersOfDeflection</li>
		<li MayRequire="Torann.ARimworldOfMagic">TM_Artifact_RingOfKeenIntellect</li>
		<li MayRequire="Torann.ARimworldOfMagic">TM_Artifact_RingOfBlood</li>
		<li MayRequire="Torann.ARimworldOfMagic">TM_Artifact_RingOfEternalBlue</li>
		<li MayRequire="Torann.ARimworldOfMagic">TM_Artifact_RingOfMalice</li>
		<li MayRequire="Torann.ARimworldOfMagic">TM_Artifact_OrbOfConviction</li>
		<li MayRequire="Torann.ARimworldOfMagic">TM_Artifact_OrbOfSouls</li>
		<li MayRequire="Torann.ARimworldOfMagic">TM_Artifact_OrbOfSouls_Full</li>
		<li MayRequire="Torann.ARimworldOfMagic">TM_Artifact_OrbOfEternal</li>
		<li MayRequire="Torann.ARimworldOfMagic">TM_Artifact_NecroticOrb</li>
</whiteApparelList>

<onlyHaveRaceRestrictedGenes MayRequire="Ludeon.RimWorld.Biotech">false</onlyHaveRaceRestrictedGenes>
	<blackGeneTags MayRequire="Ludeon.RimWorld.Biotech">
		<li>SkinColor</li>
		<li>EyeColor</li>
		<li>BodyType</li>
		<li>Ears</li>
		<li>Nose</li>
		<li>Jaw</li>
		<li>Head</li>
		<li>Headbone</li>
		<li>HairStyle</li>
		<li>BeardStyle</li>
	</blackGeneTags>
	<blackEndoCategories MayRequire="Ludeon.RimWorld.Biotech">
		<li>Ears</li>
		<li>Nose</li>
		<li>Jaw</li>
		<li>Head</li>
		<li>Headbone</li>
		<li>BodyType</li>
	</blackEndoCategories>
</raceRestriction>

<relationSettings>
	<relationChanceModifierChild>0</relationChanceModifierChild>
	<relationChanceModifierExLover>0</relationChanceModifierExLover>
	<relationChanceModifierExSpouse>0</relationChanceModifierExSpouse>
	<relationChanceModifierFiance>0</relationChanceModifierFiance>
	<relationChanceModifierLover>0</relationChanceModifierLover>
	<relationChanceModifierParent>0</relationChanceModifierParent>
	<relationChanceModifierSibling>0</relationChanceModifierSibling>
	<relationChanceModifierSpouse>0</relationChanceModifierSpouse>
</relationSettings>

<thoughtSettings>
<replacerList>
	<li>
		<original>ObservedLayingCorpse</original>
		<replacer>ObservedLayingCorpse_GHG</replacer>
	</li>
	<li>
		<original>ObservedLayingRottingCorpse</original>
		<replacer>ObservedLayingRottingCorpse_GHG</replacer>
	</li>
	<li>
		<original>AteCorpse</original>
		<replacer>AteCorpse_GHG</replacer>
	</li>
	<li>
		<original>AteHumanlikeMeatDirect</original>
		<replacer>AteHumanlikeMeatDirect_GHG</replacer>
	</li>
	<li>
		<original>AteHumanlikeMeatAsIngredient</original>
		<replacer>AteHumanlikeMeatAsIngredient_GHG</replacer>
	</li>
	<li>
		<original>RotStink</original>
		<replacer>RotStink_GHG</replacer>
	</li>
</replacerList>
<restrictedThoughts>
	<li>Disfigured_GHG</li>
	<li>Drunk_GHG</li>
	<li>Ugly_GHG</li>
	<li>AnnoyingVoice_GHG</li>
	<li>CreepyBreathing_GHG</li>
	<li>RotStink_GHG</li>
	<li>ObservedLayingCorpse_GHG</li>
	<li>ObservedLayingRottingCorpse_GHG</li>
</restrictedThoughts>
<cannotReceiveThoughts>
<!-- death -->
	<li>KnowPrisonerDiedInnocent</li>
<!-- organ harvested sold vanished -->
	<li>KnowGuestOrganHarvested</li>
	<li>KnowColonistOrganHarvested</li>
	<li>KnowPrisonerSold</li>
	<li>DeniedJoining</li>
	<li>PrisonerBanishedToDie</li>
	<li>BondedAnimalBanished</li>
	<li>FailedToRescueRelative</li>
	<li>RescuedRelative</li>
	<li>SoldPrisoner</li>
<!-- food temp naked etc -->
	<li>Naked</li>
	<li>AteRawFood</li>
	<li>SleptInHeat</li>
	<li>WitnessedDeathAlly</li>
	<li>WitnessedDeathNonAlly</li>
	<li>WitnessedDeathFamily</li>
	<li>ButcheredHumanlikeCorpse</li>
	<li>KnowButcheredHumanlikeCorpse</li>
	<li>ButcheredHumanlikeCorpseOpinion</li>
	<li>HumanLeatherApparelSad</li>
	<li>WrongApparelGender</li>
	<li MayRequire="Smuffle.HarvestOrgansPostMortem">HarvestedHumanlikeCorpse</li>
	<li MayRequire="Smuffle.HarvestOrgansPostMortem">KnowHarvestedHumanlikeCorpse</li>
	<!-- room stats, need beauty -->
	<li>NeedBeauty</li>
	<li>AteInImpressiveDiningRoom</li>
	<li>JoyActivityInImpressiveRecRoom</li>
	<li>SleptInBedroom</li>
	<li>SleptInBarracks</li>
	<li>RotStinkLingering</li>
<!-- social opinion -->
	<li>Affair</li>
	<li>CheatedOnMe</li>
	<li>Incestuous</li>
	<li>AteRawHumanlikeMeat</li>
	<li>ExecutedPrisoner</li>
	<li>Pretty</li>
	<li>Disfigured</li>
	<li>Drunk</li>
	<li>Ugly</li>
	<li>AnnoyingVoice</li>
	<li>CreepyBreathing</li>
</cannotReceiveThoughts>

</thoughtSettings>
</alienRace>

<statBases>
	<MarketValue>1750</MarketValue>
	<Mass>110</Mass>
	<MoveSpeed>4</MoveSpeed>
	<Flammability>0.1</Flammability>
	<CarryingCapacity>130</CarryingCapacity>
	<ComfyTemperatureMin>-10</ComfyTemperatureMin>
	<ComfyTemperatureMax>1000</ComfyTemperatureMax>
	<MiningSpeed>1.2</MiningSpeed>
	<ConstructionSpeed>1.2</ConstructionSpeed>
	<CookSpeed>0.5</CookSpeed>
	<PlantWorkSpeed>0.7</PlantWorkSpeed>
	<ResearchSpeed>0.5</ResearchSpeed>
	<PainShockThreshold>1.2</PainShockThreshold>
	<ArmorRating_Blunt>0.6</ArmorRating_Blunt>
	<ArmorRating_Sharp>-0.1</ArmorRating_Sharp>
	<ArmorRating_Heat>0.2</ArmorRating_Heat>
</statBases>

<recipes>
	<li>RepairHorn_GHG</li>
</recipes>

<damageMultipliers>
	<li>
		<damageDef>Flame</damageDef>
		<multiplier>0.25</multiplier>
	</li>
</damageMultipliers>

</AlienRace.ThingDef_AlienRace>
</Defs>