<?xml version="1.0" encoding="utf-8" ?>
<Patch>
<Operation Class="PatchOperationSequence">
	<operations>

	<li Class="PatchOperationAdd">
		<xpath>Defs/AlienRace.AlienBackstoryDef[defName = "DramaQueenGokusotsu"]/forcedTraits</xpath>
		<value>
			<VTE_Insatiable>0</VTE_Insatiable>
		</value>
	</li>

	<li Class="PatchOperationAdd">
		<xpath>Defs/AlienRace.AlienBackstoryDef[defName = "BootleggerGokusotsu_A"]/forcedTraits</xpath>
		<value>
			<VTE_Lush>0</VTE_Lush>
		</value>
	</li>

	<li Class="PatchOperationAdd">
		<xpath>Defs/AlienRace.AlienBackstoryDef[defName = "NekoDaisukiGokusotsu"]/forcedTraits</xpath>
		<value>
			<VTE_CatPerson>0</VTE_CatPerson>
		</value>
	</li>

	<li Class="PatchOperationAdd">
		<xpath>Defs/AlienRace.AlienBackstoryDef[defName = "HawkerGokusotsu"]/forcedTraits</xpath>
		<value>
			<VTE_Menagerist>0</VTE_Menagerist>
		</value>
	</li>

	<li Class="PatchOperationAdd">
		<xpath>Defs/AlienRace.AlienBackstoryDef[defName = "FisherGokusotsu"]/forcedTraits</xpath>
		<value>
			<VTE_ChildOfSea>0</VTE_ChildOfSea>
		</value>
	</li>

	<li Class="PatchOperationAdd">
		<xpath>Defs/AlienRace.AlienBackstoryDef[defName = "CamperGokusotsu"]/forcedTraitsChance</xpath>
		<value>
			<defName>VTE_Wanderlust</defName><chance>50</chance>
		</value>
	</li>

	<li Class="PatchOperationAdd">
		<xpath>Defs/AlienRace.AlienBackstoryDef[defName = "CarelessGokusotsu"]/forcedTraits</xpath>
		<value>
			<VTE_Clumsy>0</VTE_Clumsy>
		</value>
	</li>

	<li Class="PatchOperationAdd">
		<xpath>Defs/AlienRace.AlienBackstoryDef[defName = "ClubberGokusotsu"]/forcedTraits</xpath>
		<value>
			<VTE_FunLoving>0</VTE_FunLoving>
		</value>
	</li>

	<li Class="PatchOperationAdd">
		<xpath>Defs/AlienRace.AlienBackstoryDef[defName = "AbsenteeGokusotsu"]/forcedTraits</xpath>
		<value>
			<VTE_AbsentMinded>0</VTE_AbsentMinded>
		</value>
	</li>

	<li Class="PatchOperationAdd">
		<xpath>Defs/AlienRace.AlienBackstoryDef[defName = "NondrinkerGokusotsu_A" or defName = "NondrinkerGokusotsu_B"]/disallowedTraits</xpath>
		<value>
			<VTE_Lush>0</VTE_Lush>
		</value>
	</li>

	<li Class="PatchOperationAdd">
		<xpath>Defs/AlienRace.AlienBackstoryDef[defName = "PlumberGokusotsu" or defName = "BloodPondGardener"]/forcedTraits</xpath>
		<value>
			<VTE_Groundbreaker>0</VTE_Groundbreaker>
		</value>
	</li>

	<li Class="PatchOperationAdd">
		<xpath>Defs/AlienRace.AlienBackstoryDef[defName = "EmbezzlerGokusotsu"]/forcedTraits</xpath>
		<value>
			<VTE_Kleptomaniac>0</VTE_Kleptomaniac>
		</value>
	</li>

	<li Class="PatchOperationAdd">
		<xpath>Defs/AlienRace.AlienBackstoryDef[defName = "MessengerGokusotsu"]/forcedTraits</xpath>
		<value>
			<VTE_Technophobe>0</VTE_Technophobe>
		</value>
	</li>

	<li Class="PatchOperationAdd">
		<xpath>Defs/AlienRace.AlienBackstoryDef[defName = "ConveyorGokusotsu"]/forcedTraits</xpath>
		<value>
			<VTE_Submissive>0</VTE_Submissive>
		</value>
	</li>

	<li Class="PatchOperationAdd">
		<xpath>Defs/AlienRace.AlienBackstoryDef[defName = "FoodStallGokusotsu_B"]/forcedTraits</xpath>
		<value>
			<VTE_Gastronomist>0</VTE_Gastronomist>
		</value>
	</li>

	<li Class="PatchOperationAdd">
		<xpath>Defs/AlienRace.AlienBackstoryDef[defName = "FoodStallGokusotsu_A"]/forcedTraits</xpath>
		<value>
			<VTE_Tycoon>0</VTE_Tycoon>
		</value>
	</li>

	<li Class="PatchOperationAdd">
		<xpath>Defs/AlienRace.AlienBackstoryDef[defName = "KyomuKyoushiGokusotsu"]/forcedTraits</xpath>
		<value>
			<VTE_Desensitized>0</VTE_Desensitized>
		</value>
	</li>

	<!-- child -->
	<li Class="PatchOperationAdd">
		<xpath>Defs/AlienRace.AlienBackstoryDef[defName = "SleepyKids"]/forcedTraits</xpath>
		<value>
			<VTE_HeavySleeper>0</VTE_HeavySleeper>
		</value>
	</li>

	<li Class="PatchOperationAdd">
		<xpath>Defs/AlienRace.AlienBackstoryDef[defName = "Oddball"]/forcedTraits</xpath>
		<value>
			<VTE_Eccentric>0</VTE_Eccentric>
		</value>
	</li>

	<li Class="PatchOperationAdd">
		<xpath>Defs/AlienRace.AlienBackstoryDef[defName = "Loner"]/forcedTraitsChance</xpath>
		<value>
			<li>
				<defName>VTE_Schizoid</defName><chance>50</chance>
			</li>
			<li>
				<defName>VTE_Anxious</defName><chance>50</chance>
			</li>
		</value>
	</li>

	<li Class="PatchOperationAdd">
		<xpath>Defs/AlienRace.AlienBackstoryDef[defName = "ScienceKid"]/forcedTraitsChance</xpath>
		<value>
			<li>
				<defName>VTE_MadSurgeon</defName><chance>30</chance>
			</li>
			<li>
				<defName>VTE_Prodigy</defName><chance>30</chance>
			</li>
			<li>
				<defName>VTE_Academian</defName><chance>30</chance>
			</li>
		</value>
	</li>

	</operations>
</Operation>

</Patch>