<?xml version="1.0" encoding="utf-8" ?>
<Patch>
	<!-- <Operation Class="PatchOperationSequence">
		<success>Always</success>
		<operations>

		<li Class="PatchOperationFindMod">
			<mods>
				<li>Biotech</li>
			</mods> 
			<match Class="PatchOperationAdd">
		<xpath>Defs/AlienRace.ThingDef_AlienRace[defName = "BaseGHG"]/alienRace/raceRestriction/apparelList</xpath>
			<value>
				<li>Apparel_Haragake</li>
				<li>Apparel_Yukinko</li>
			</value>
			</match>
		</li>


		<li Class="PatchOperationAdd">
		<xpath>Defs/AlienRace.ThingDef_AlienRace[defName = "BaseGHG"]/alienRace/raceRestriction/whiteApparelList</xpath>
			<value>
				<li>Apparel_PackControl</li>
				<li>Apparel_PackBandwidth</li>
				<li>Apparel_PackTox</li>
				<li>Apparel_AirwireHeadset</li>
				<li>Apparel_IntegratorHeadset</li>
				<li>Apparel_ArmorHelmetMechCommander</li>
				<li>Apparel_ArrayHeadset</li>
			</value>
		</li>

		<li Class="PatchOperationAdd">
		<xpath>Defs/AlienRace.ThingDef_AlienRace[defName = "BaseGHG"]/recipes</xpath>
			<value>
				<li>Vasectomy</li>
				<li>ReverseVasectomy</li>
				<li>TubalLigation</li>
				<li>ExtractOvum</li>
				<li>ExtractHemogenPack</li>
				<li>BloodTransfusion</li>
				<li>ImplantXenogerm</li>
				<li>ImplantIUD</li>
				<li>RemoveIUD</li>
				<li>TerminatePregnancy</li>
			</value>
		</li>

		</operations>
	</Operation> -->
</Patch>