<?xml version="1.0" encoding="utf-8" ?>
<Defs>

<ThoughtDef>
	<defName>Disfigured_GHG</defName>
	<thoughtClass>Thought_SituationalSocial</thoughtClass>
	<workerClass>ThoughtWorker_Disfigured</workerClass>
	<!-- <validWhileDespawned>true</validWhileDespawned> -->
	<stages>
		<li>
			<label>disfigured</label>
			<baseOpinionOffset>13</baseOpinionOffset>
		</li>
	</stages>
</ThoughtDef>

<ThoughtDef>
	<defName>Drunk_GHG</defName>
	<thoughtClass>Thought_SituationalSocial</thoughtClass>
	<workerClass>ThoughtWorker_Drunk</workerClass>
	<!-- <validWhileDespawned>true</validWhileDespawned> -->
	<stages>
		<li>
			<label>drunk</label>
			<baseOpinionOffset>8</baseOpinionOffset>
		</li>
	</stages>
</ThoughtDef>

<ThoughtDef>
	<defName>Ugly_GHG</defName>
	<thoughtClass>Thought_SituationalSocial</thoughtClass>
	<workerClass>ThoughtWorker_Ugly</workerClass>
	<!-- <validWhileDespawned>true</validWhileDespawned> -->
	<nullifyingTraits>
		<li>Ascetic</li>
		<li>Kind</li>
	</nullifyingTraits>
	<stages>
		<li>
			<label>kawaii</label>
			<baseOpinionOffset>20</baseOpinionOffset>
		</li>
		<li>
			<label>super kawaii</label>
			<baseOpinionOffset>40</baseOpinionOffset>
		</li>
	</stages>
</ThoughtDef>

<ThoughtDef>
	<defName>AnnoyingVoice_GHG</defName>
	<thoughtClass>Thought_SituationalSocial</thoughtClass>
	<workerClass>ThoughtWorker_AnnoyingVoice</workerClass>
	<!-- <validWhileDespawned>true</validWhileDespawned> -->
	<stages>
		<li>
			<label>handsome voice</label>
			<baseOpinionOffset>25</baseOpinionOffset>
		</li>
	</stages>
</ThoughtDef>

<ThoughtDef>
	<defName>CreepyBreathing_GHG</defName>
	<thoughtClass>Thought_SituationalSocial</thoughtClass>
	<workerClass>ThoughtWorker_CreepyBreathing</workerClass>
	<!-- <validWhileDespawned>true</validWhileDespawned> -->
	<stages>
		<li>
			<label>sexy breathing</label>
			<baseOpinionOffset>25</baseOpinionOffset>
		</li>
	</stages>
</ThoughtDef>

</Defs>
