<?xml version="1.0" encoding="utf-8" ?>
<Defs>

<ThoughtDef>
	<defName>ObservedLayingCorpse_GHG</defName>
	<icon>Things/Mote/ThoughtSymbol/Skull</icon>
	<showBubble>true</showBubble>
	<thoughtClass>Thought_MemoryObservation</thoughtClass>
	<durationDays>0.5</durationDays>
	<stackedEffectMultiplier>0.5</stackedEffectMultiplier>
	<stackLimit>3</stackLimit>
	<stages>
		<li>
			<label>observed corpse</label>
			<description>oh, a dead body.</description>
			<baseMoodEffect>0</baseMoodEffect>
		</li>
	</stages>
</ThoughtDef>

<ThoughtDef>
	<defName>ObservedLayingRottingCorpse_GHG</defName>
	<icon>Things/Mote/ThoughtSymbol/Skull</icon>
	<showBubble>true</showBubble>
	<thoughtClass>Thought_MemoryObservation</thoughtClass>
	<durationDays>0.5</durationDays>
	<stackedEffectMultiplier>0.5</stackedEffectMultiplier>
	<stackLimit>3</stackLimit>
	<stages>
		<li>
			<label>observed rotting corpse</label>
			<description>I saw a dead body laying on the ground. The smell gave me nostalgic feeling.</description>
			<baseMoodEffect>1</baseMoodEffect>
		</li>
	</stages>
</ThoughtDef>

<ThoughtDef>
	<defName>RotStink_GHG</defName>
	<workerClass>ThoughtWorker_RotStink</workerClass>
	<developmentalStageFilter>Baby, Child, Adult</developmentalStageFilter>
	<stages>
		<li>
			<label>rot stink</label>
			<description>A rotten stink makes me feel nostalgic. It reminds me of hell hole filled with dead souls.</description>
			<baseMoodEffect>3</baseMoodEffect>
		</li>
	</stages>
</ThoughtDef>

</Defs>