<?xml version="1.0" encoding="utf-8"?>
<Defs>

<TraderKindDef><!-- 拠点 -->
	<defName>Base_GHG_Standard</defName>
	<stockGenerators>

	<li Class="StockGenerator_SingleDef">
		<thingDef>Silver</thingDef>
		<countRange>800~3000</countRange>
	</li>
	<li Class="StockGenerator_SingleDef">
		<thingDef>Steel</thingDef>
		<countRange>250~500</countRange>
	</li>
	<li Class="StockGenerator_SingleDef">
		<thingDef>WoodLog</thingDef>
		<countRange>500~600</countRange>
	</li>
	<li Class="StockGenerator_SingleDef">
		<thingDef>Neutroamine</thingDef>
		<countRange>30~50</countRange>
	</li>
	<li Class="StockGenerator_SingleDef">
		<thingDef>Gold</thingDef>
		<countRange>300~500</countRange>
	</li>
	<li Class="StockGenerator_SingleDef">
		<thingDef>Uranium</thingDef>
		<countRange>250~500</countRange>
	</li>
	<li Class="StockGenerator_SingleDef">
		<thingDef>Cloth</thingDef>
		<countRange>200~300</countRange>
	</li>
	<li Class="StockGenerator_SingleDef">
		<thingDef>MedicineHerbal</thingDef>
		<countRange>20~30</countRange>
	</li>
	<li Class="StockGenerator_Category">
		<categoryDef>Textiles</categoryDef>
		<thingDefCountRange>3~5</thingDefCountRange>
		<totalPriceRange>300~700</totalPriceRange>
	</li>
	<li Class="StockGenerator_SingleDef">
		<thingDef>Dye</thingDef>
		<countRange>10~20</countRange>
	</li>
	<li Class="StockGenerator_SingleDef">
		<thingDef>Beer</thingDef>
		<totalPriceRange>100~300</totalPriceRange>
	</li>
	<li Class="StockGenerator_Category">
		<categoryDef>ResourcesRaw</categoryDef>
		<thingDefCountRange>3~3</thingDefCountRange>
		<totalPriceRange>200~600</totalPriceRange>
	</li>
	<li Class="StockGenerator_Category">
		<categoryDef>FoodRaw</categoryDef>
		<excludedCategories><li>EggsFertilized</li></excludedCategories>
		<thingDefCountRange>7~10</thingDefCountRange>
		<totalPriceRange>400~800</totalPriceRange>
	</li>
	<li Class="StockGenerator_Category">
		<categoryDef>FoodMeals</categoryDef>
		<thingDefCountRange>5~10</thingDefCountRange>
		<countRange>15~30</countRange>
	</li>

<!-- Apparel -->
	<li Class="StockGenerator_MarketValue">
		<tradeTag>BasicClothing</tradeTag>
		<countRange>3~5</countRange>
		<maxTechLevelGenerate>Medieval</maxTechLevelGenerate>
	</li>
	<li Class="StockGenerator_MarketValue">
		<tradeTag>Clothing</tradeTag>
		<countRange>1~3</countRange>
		<maxTechLevelGenerate>Medieval</maxTechLevelGenerate>
	</li>

	<!-- Slaves -->
	<li Class="StockGenerator_Slaves">
		<respectPopulationIntent>true</respectPopulationIntent>
		<countRange>5~7</countRange>
	</li>

	<!-- Animals -->
	<li Class="StockGenerator_Animals">
		<tradeTagsSell>
			<li>AnimalFarm</li>
			<li>AnimalPet</li>
		</tradeTagsSell>
		<tradeTagsBuy>
			<li>AnimalUncommon</li>
			<li>AnimalExotic</li>
		</tradeTagsBuy>
		<kindCountRange>4~8</kindCountRange>
		<countRange>5~8</countRange>
		<createMatingPair>
			<li>AnimalFarm</li>
		</createMatingPair>
	</li>

<!-- vbe -->
	<li MayRequire="VanillaExpanded.VBrewE" Class="StockGenerator_Category">
		<categoryDef>VBE_DrinksSimpleSpirits</categoryDef>
		<thingDefCountRange>5~10</thingDefCountRange>
		<countRange>15~30</countRange>
	</li>
	<li MayRequire="VanillaExpanded.VBrewE" Class="StockGenerator_Category">
		<categoryDef>VBE_DrinksLuxurySpirits</categoryDef>
		<thingDefCountRange>3~10</thingDefCountRange>
		<countRange>15~30</countRange>
	</li>

<!-- kome -->
	<li MayRequire="tosenbo.Ricecultivatingcivilization.ver2" Class="StockGenerator_Category">
		<categoryDef>ZP_SimpleMeals</categoryDef>
		<thingDefCountRange>1~2</thingDefCountRange>
		<countRange>10~30</countRange>
	</li>
	<li MayRequire="tosenbo.Ricecultivatingcivilization.ver2" Class="StockGenerator_Category">
		<categoryDef>ZP_FineMeals</categoryDef>
		<thingDefCountRange>1~2</thingDefCountRange>
		<countRange>10~30</countRange>
	</li>
	<li MayRequire="tosenbo.Ricecultivatingcivilization.ver2" Class="StockGenerator_Category">
		<categoryDef>ZPLuxury</categoryDef>
		<thingDefCountRange>5~10</thingDefCountRange>
		<countRange>10~30</countRange>
	</li>
	<li MayRequire="tosenbo.Ricecultivatingcivilization.ver2" Class="StockGenerator_Category">
		<categoryDef>ZPDrink</categoryDef>
		<thingDefCountRange>5~10</thingDefCountRange>
		<countRange>10~30</countRange>
	</li>
	<li MayRequire="tosenbo.Ricecultivatingcivilization.ver2" Class="StockGenerator_Category">
		<categoryDef>ZP_Seasoning</categoryDef>
		<thingDefCountRange>1~2</thingDefCountRange>
		<countRange>10~30</countRange>
	</li>
	<li MayRequire="tosenbo.Ricecultivatingcivilization.ver2" Class="StockGenerator_Category">
		<categoryDef>FruitFoodRaw</categoryDef>
		<thingDefCountRange>4~4</thingDefCountRange>
		<countRange>10~30</countRange>
	</li>

<!-- Buying -->
	<li Class="StockGenerator_BuyExpensiveSimple" />
	<li Class="StockGenerator_BuyTradeTag"><tag>Art</tag></li>
	<li Class="StockGenerator_BuyTradeTag"><tag>MusicalInstrument</tag></li>
	<li Class="StockGenerator_BuyTradeTag"><tag>GHG_Apparel</tag></li>

	</stockGenerators>
</TraderKindDef>

</Defs>