<?xml version="1.0" encoding="utf-8" ?>
<Defs>

<AlienRace.AlienBackstoryDef ParentName="GHG_BackStoryBase"><!-- 即応警邏獄卒 -->
	<defName>ResponseGokusotsu</defName>
	<title>response gokusotsu</title>
	<titleShort>response guards</titleShort>
	<baseDesc>[PAWN_nameDef] was a gokusotsu who specialized in patrolling and immediate response security according to the situation. After major disasters in mortal world, [PAWN_pronoun] would rush to the reception area and perform duties almost without a break. Calming down delirious, violent dead was also [PAWN_possessive] important job.</baseDesc>
	<workDisables>
		<li>ManualSkilled</li>
	</workDisables>
	<skillGains>
		<li><key>Shooting</key><value>5</value></li>
		<li><key>Melee</key><value>7</value></li>
		<li><key>Social</key><value>2</value></li>
	</skillGains>
	<spawnCategories>
		<li>GHG_player</li>
		<li>GHG_boss</li>
	</spawnCategories>
	<forcedTraits>
		<Industriousness>1</Industriousness>
	</forcedTraits>
</AlienRace.AlienBackstoryDef>

<AlienRace.AlienBackstoryDef ParentName="GHG_BackStoryBase"><!-- 配管工獄卒 -->
	<defName>PlumberGokusotsu</defName>
	<title>plumber gokusotsu</title>
	<titleShort>plumber</titleShort>
	<baseDesc>[PAWN_nameDef] was well versed in the maintenance of all the pipes of infrastructure in hell...which means, the pipes through which boiling blood or metal, rotting guts, vomit, and liquefied dead pass.</baseDesc>
	<skillGains>
		<li><key>Construction</key><value>6</value></li>
		<li><key>Mining</key><value>5</value></li>
	</skillGains>
	<spawnCategories>
		<li>GHG_player</li>
		<li>GHG_wanderer</li>
	</spawnCategories>
	<forcedTraits>
		<Undergrounder>0</Undergrounder>
	</forcedTraits>
	<possessions>
		<li>
			<key>Beer</key>
			<value>2</value>
		</li>
	</possessions>
</AlienRace.AlienBackstoryDef>

<AlienRace.AlienBackstoryDef ParentName="GHG_BackStoryBase"><!-- 血の池造園士 -->
	<defName>BloodPondGardener</defName>
	<title>blood Pond gardener gokusotsu</title>
	<titleShort>blood Pond gardener</titleShort>
	<baseDesc>[PAWN_nameDef]'s workplace was the maintenance area of boiling pools and blood pond to throw the dead into.</baseDesc>
	<workDisables>
		<li>Intellectual</li>
	</workDisables>
	<skillGains>
		<li><key>Construction</key><value>5</value></li>
		<li><key>Mining</key><value>2</value></li>
		<li><key>Plants</key><value>3</value></li>
	</skillGains>
	<spawnCategories>
		<li>GHG_player</li>
		<li>GHG_wanderer</li>
	</spawnCategories>
	<forcedTraits>
	</forcedTraits>
</AlienRace.AlienBackstoryDef>

<AlienRace.AlienBackstoryDef ParentName="GHG_BackStoryBase"><!-- 針山剪定士 -->
	<defName>HariyamaGardener</defName>
	<title>hariyama gardener</title>
	<titleShort>hariyama gardener</titleShort>
	<baseDesc>[PAWN_nameDef] was a forest worker who worked with the iron pines and iron bamboos that grew on the needle mountains where the dead was forced to climb. [PAWN_possessive] main daily routine was to cut woods down according to the demand for iron and to remove tangled dead from their branches.</baseDesc>
	<skillGains>
		<li><key>Plants</key><value>7</value></li>
	</skillGains>
	<spawnCategories>
		<li>GHG_player</li>
		<li>GHG_wanderer</li>
	</spawnCategories>
	<forcedTraits>
	</forcedTraits>
</AlienRace.AlienBackstoryDef>

<AlienRace.AlienBackstoryDef ParentName="GHG_BackStoryBase"><!-- 金物職人 -->
	<defName>CraftsmanGokusotsu_A</defName>
	<title>metallic craftsman</title>
	<titleShort>craftsman</titleShort>
	<baseDesc>[PAWN_nameDef] was a craftsman who specialized in small daily metalwork items like iron kettles and iron ladles. And was also good at making restraints and small firearms.</baseDesc>
	<workDisables>Animals</workDisables>
	<skillGains>
		<li><key>Crafting</key><value>7</value></li>
		<li><key>Artistic</key><value>1</value></li>
	</skillGains>
	<spawnCategories>
		<li>GHG_player</li>
		<li>GHG_wanderer</li>
	</spawnCategories>
	<forcedTraits>
	</forcedTraits>
</AlienRace.AlienBackstoryDef>

<AlienRace.AlienBackstoryDef ParentName="GHG_BackStoryBase"><!-- セトモノ職人 -->
	<defName>CraftsmanGokusotsu_B</defName>
	<title>pottery craftsman</title>
	<titleShort>craftsman</titleShort>
	<baseDesc>[PAWN_nameDef] was a craftsman who excelled at making ceramics such as tea bowls and water bottles. And was also good at making urns and clay figurines.</baseDesc>
	<workDisables>Animals</workDisables>
	<skillGains>
		<li><key>Crafting</key><value>5</value></li>
		<li><key>Artistic</key><value>3</value></li>
	</skillGains>
	<spawnCategories>
		<li>GHG_player</li>
		<li>GHG_wanderer</li>
	</spawnCategories>
	<forcedTraits>
	</forcedTraits>
</AlienRace.AlienBackstoryDef>

<AlienRace.AlienBackstoryDef ParentName="GHG_BackStoryBase"><!-- 三途の川：賽の河原担当獄卒 -->
	<defName>SanzuRiverGokusotsu_A</defName>
	<title>children's limbo gokusotsu</title>
	<titleShort>children's limbo</titleShort>
	<baseDesc>[PAWN_nameDef] was in charge of breaking down stones piled up by dead children on the riverbank of the Sanzu River.</baseDesc>
	<skillGains>
		<li><key>Mining</key><value>1</value></li>
		<li><key>Construction</key><value>1</value></li>
	</skillGains>
	<spawnCategories>
		<li>GHG_player</li>
		<li>GHG_wanderer</li>
	</spawnCategories>
	<forcedTraits>
	</forcedTraits>
</AlienRace.AlienBackstoryDef>

<AlienRace.AlienBackstoryDef ParentName="GHG_BackStoryBase"><!-- 三途の川：中流担当獄卒 -->
	<defName>SanzuRiverGokusotsu_B</defName>
	<title>sanzu river carpenter</title>
	<titleShort>river carpenter</titleShort>
	<baseDesc>[PAWN_nameDef] was in charge of maintaining the bridge over the middle reaches of the Sanzu River. [PAWN_pronoun] was also put in charge of mining precious stones for decoration.</baseDesc>
	<skillGains>
		<li><key>Mining</key><value>7</value></li>
		<li><key>Construction</key><value>3</value></li>
	</skillGains>
	<spawnCategories>
		<li>GHG_player</li>
		<li>GHG_wanderer</li>
	</spawnCategories>
	<forcedTraits>
	</forcedTraits>
</AlienRace.AlienBackstoryDef>

<AlienRace.AlienBackstoryDef ParentName="GHG_BackStoryBase"><!-- 三途の川：下流担当獄卒 -->
	<defName>SanzuRiverGokusotsu_C</defName>
	<title>sanzu river shooter</title>
	<titleShort>river shooter</titleShort>
	<baseDesc>[PAWN_nameDef]'s task was to shoot arrows at the heads of the dead swimming in the Sanzu River downstream.</baseDesc>
	<skillGains>
		<li><key>Shooting</key><value>9</value></li>
	</skillGains>
	<spawnCategories>
		<li>GHG_player</li>
		<li>GHG_wanderer</li>
	</spawnCategories>
	<forcedTraits>
	</forcedTraits>
</AlienRace.AlienBackstoryDef>

<AlienRace.AlienBackstoryDef ParentName="GHG_BackStoryBase"><!-- 横領経理マン -->
	<defName>EmbezzlerGokusotsu</defName>
	<title>embezzler gokusotsu</title>
	<titleShort>embezzler</titleShort>
		<baseDesc>[PAWN_nameDef] was waiting in the detention area to be sentenced to approximately 36283216763924704214800100074291078163892000000 years in prison as a result of embezzling public funds and pouring them into young lover.</baseDesc>
	<skillGains>
		<li><key>Intellectual</key><value>3</value></li>
	</skillGains>
	<spawnCategories>
		<li>GHG_player</li>
		<li>GHG_wanderer</li>
	</spawnCategories>
	<forcedTraits>
	</forcedTraits>
</AlienRace.AlienBackstoryDef>

<AlienRace.AlienBackstoryDef ParentName="GHG_BackStoryBase"><!-- 火の見番人 -->
	<defName>FireWatcherGokusotsu</defName>
	<title>fire watch</title>
	<titleShort>fire watch</titleShort>
		<baseDesc>In hell, flames of all sizes are used. [PAWN_nameDef] was in charge of watching over them to keep them alive, as well as burning the sparks that were about to go out and blowing them back.</baseDesc>
	<workDisables>Firefighting, Cleaning</workDisables>
	<spawnCategories>
		<li>GHG_player</li>
		<li>GHG_wanderer</li>
	</spawnCategories>
	<forcedTraits>
		<SpeedOffset>2</SpeedOffset>
		<Pyromaniac>0</Pyromaniac>
	</forcedTraits>
</AlienRace.AlienBackstoryDef>

<AlienRace.AlienBackstoryDef ParentName="GHG_BackStoryBase"><!-- バンガシラA -->
	<defName>BangashiraGokusotsu_A</defName>
	<title>bangashira</title>
	<titleShort>bangashira</titleShort>
		<baseDesc>[PAWN_nameDef] was popular among subordinates as a personable and dependable boss, but was very neurotic because of the hardships of middle management.</baseDesc>
	<workDisables>Cooking, PlantWork</workDisables>
	<skillGains>
		<li><key>Social</key><value>9</value></li>
	</skillGains>
	<spawnCategories>
		<li>GHG_boss</li>
	</spawnCategories>
	<forcedTraits>
		<Kind>0</Kind>
		<Neurotic>2</Neurotic>
	</forcedTraits>
</AlienRace.AlienBackstoryDef>

<AlienRace.AlienBackstoryDef ParentName="GHG_BackStoryBase"><!-- バンガシラB -->
	<defName>BangashiraGokusotsu_B</defName>
	<title>bangashira</title>
	<titleShort>bangashira</titleShort>
		<baseDesc>[PAWN_nameDef] bullied many new subordinates as a bad boss, but [PAWN_nameDef] himself was not stressed and enjoyed [PAWN_possessive] work.</baseDesc>
	<workDisables>ManualDumb</workDisables>
	<skillGains>
		<li><key>Social</key><value>9</value></li>
		<li><key>Intellectual</key><value>-5</value></li>
	</skillGains>
	<spawnCategories>
		<li>GHG_boss</li>
	</spawnCategories>
	<forcedTraits>
		<Abrasive>0</Abrasive>
		<NaturalMood>1</NaturalMood>
	</forcedTraits>
</AlienRace.AlienBackstoryDef>

<AlienRace.AlienBackstoryDef ParentName="GHG_BackStoryBase"><!-- 肥溜め担当 -->
	<defName>FunnnyouGokusotsu</defName>
	<title>manure-pond gokusotsu</title>
	<titleShort>manure-pond gokusotsu</titleShort>
		<baseDesc>[PAWN_nameDef] was a manpower to carry resources to the manure pond which the dead were thrown in. In the last 100 years, the number of jobs has been decreasing due to the spread of flush toilets in hell.</baseDesc>
	<skillGains>
		<li><key>Social</key><value>-3</value></li>
	</skillGains>
	<spawnCategories>
		<li>GHG_player</li>
		<li>GHG_wanderer</li>
	</spawnCategories>
	<forcedTraits>
	</forcedTraits>
</AlienRace.AlienBackstoryDef>

<AlienRace.AlienBackstoryDef ParentName="GHG_BackStoryBase"><!-- 帰国子女 -->
	<defName>ReturneeGokusotsu</defName>
	<title>returnee gokusotsu</title>
	<titleShort>returnee</titleShort>
		<baseDesc>[PAWN_nameDef] was an expatriate sent to the interfaith hell for technological innovation and cultural exchange.</baseDesc>
	<skillGains>
		<li><key>Social</key><value>5</value></li>
		<li><key>Intellectual</key><value>2</value></li>
	</skillGains>
	<spawnCategories>
		<li>GHG_player</li>
		<li>GHG_trader</li>
	</spawnCategories>
	<forcedTraits>
	</forcedTraits>
</AlienRace.AlienBackstoryDef>

<AlienRace.AlienBackstoryDef ParentName="GHG_BackStoryBase"><!-- 屋台の親父A -->
	<defName>FoodStallGokusotsu_A</defName>
	<title>food stall gokusotsu</title>
	<titleShort>food staller</titleShort>
		<baseDesc>[PAWN_nameDef] was a food cart owner who traveled from site to site pulling custom chuckwagon. The food was not very good, but for an extra fee, [PAWN_nameDef] would sneak in a few drinks even in working time, so it was a thriving business.</baseDesc>
	<workDisables>Animals, Mining</workDisables>
	<skillGains>
		<li><key>Social</key><value>5</value></li>
		<li><key>Cooking</key><value>2</value></li>
	</skillGains>
	<spawnCategories>
		<li>GHG_player</li>
		<li>GHG_trader</li>
	</spawnCategories>
	<forcedTraits>
	</forcedTraits>
</AlienRace.AlienBackstoryDef>

<AlienRace.AlienBackstoryDef ParentName="GHG_BackStoryBase"><!-- 屋台の親父B -->
	<defName>FoodStallGokusotsu_B</defName>
	<title>food stall gokusotsu</title>
	<titleShort>food staller</titleShort>
		<baseDesc>[PAWN_nameDef] was a food cart owner who traveled from site to site pulling custom chuckwagon. [PAWN_pronoun] was a hard man who would never serve alcohol to those on duty, but served good, proper food so it was a thriving business.</baseDesc>
	<workDisables>Animals, Crafting</workDisables>
	<skillGains>
		<li><key>Social</key><value>2</value></li>
		<li><key>Cooking</key><value>5</value></li>
	</skillGains>
	<spawnCategories>
		<li>GHG_player</li>
		<li>GHG_trader</li>
	</spawnCategories>
	<forcedTraits>
	</forcedTraits>
</AlienRace.AlienBackstoryDef>

<AlienRace.AlienBackstoryDef ParentName="GHG_BackStoryBase"><!-- 元飛脚 -->
	<defName>MessengerGokusotsu</defName>
	<title>Express messenger</title>
	<titleShort>messenger</titleShort>
	<baseDesc>[PAWN_nameDef]'s job was to run around areas where messenger ravens couldn't reach, but one day [PAWN_pronoun] was transferred to office work inside the Information and Telegraph Department when a super high-tech machine called a "facsimile" appeared on the scene. [PAWN_nameDef] is excited because [PAWN_pronoun] no longer has to reconcile with the machines since [PAWN_pronoun] was sent from the "gate" to an uncivilized alien world, but will [PAWN_pronoun] be able to keep up with the spacer technology on this planet...?</baseDesc>
	<workDisables>
		<li>ManualSkilled</li>
		<li>Intellectual</li>
		<li>Artistic</li>
	</workDisables>
	<disallowedTraits>
		<Undergrounder>0</Undergrounder>
	</disallowedTraits>
	<forcedTraits>
		<SpeedOffset>2</SpeedOffset>
		<Nimble />
	</forcedTraits>
	<spawnCategories>
		<li>GHG_player</li>
		<li>GHG_wanderer</li>
	</spawnCategories>
</AlienRace.AlienBackstoryDef>

<AlienRace.AlienBackstoryDef ParentName="GHG_BackStoryBase"><!-- ベルコン作業マン -->
	<defName>ConveyorGokusotsu</defName>
	<title>Belt conveyor worker</title>
	<titleShort>dandelions</titleShort>
	<baseDesc>[PAWN_nameDef]s job was to put a dandelion on the dead as they came down the conveyor belt. [PAWN_pronoun] put dandelions on the dead for 50 hours a day without questioning what they were for, and without knowing that they were not dandelions at all but chrysanthemums.</baseDesc>
	<skillGains>
		<li><key>Intellectual</key><value>-7</value></li>
	</skillGains>
	<spawnCategories>
		<li>GHG_player</li>
		<li>GHG_wanderer</li>
	</spawnCategories>
	<forcedTraits>
	</forcedTraits>
	<forcedTraitsChance>
		<li>
			<defName>Undergrounder</defName>
			<chance>70</chance>
		</li>
		<li>
			<defName>SpeedOffset</defName>
			<degree>2</degree>
			<chance>0</chance>
		</li>
		<li>
			<defName>SpeedOffset</defName>
			<degree>1</degree>
			<chance>0</chance>
		</li>
		<li>
			<defName>Nerves</defName>
			<degree>2</degree>
			<chance>100</chance>
		</li>
	</forcedTraitsChance>
</AlienRace.AlienBackstoryDef>

<AlienRace.AlienBackstoryDef ParentName="GHG_BackStoryBase"><!-- Uターン獄卒 -->
	<defName>UturnGokusotsu</defName>
	<title>U-turn gokusotsu</title>
	<titleShort>U-turn gokusotsu</titleShort>
	<baseDesc>[PAWN_nameDef] had a dream and once went out to the earth, but wherever [PAWN_pronoun] went, [PAWN_pronoun] could not get along with the native yokai, land gods, and local people, so [PAWN_nameDef] returned to [PAWN_possessive] former workplace.</baseDesc>
	<skillGains>
		<li><key>Mining</key><value>2</value></li>
		<li><key>Melee</key><value>2</value></li>
	</skillGains>
	<forcedTraits>
		<Nerves>-1</Nerves>
	</forcedTraits>
	<spawnCategories>
		<li>GHG_player</li>
		<li>GHG_wanderer</li>
	</spawnCategories>
</AlienRace.AlienBackstoryDef>

<AlienRace.AlienBackstoryDef ParentName="GHG_BackStoryBase"><!-- Iターン獄卒 -->
	<defName>IturnGokusotsu</defName>
	<title>I-turn gokusotsu</title>
	<titleShort>I-turn gokusotsu</titleShort>
	<baseDesc>[PAWN_nameDef] originally lived on earth, but moved to hell to escape human pressure and the effects of urban development, and was re-employed as a hell guard.</baseDesc>
	<skillGains>
		<li><key>Plants</key><value>5</value></li>
		<li><key>Animals</key><value>3</value></li>
		<li><key>Melee</key><value>3</value></li>
	</skillGains>
	<forcedTraits>
		<Nerves>-1</Nerves>
	</forcedTraits>
	<spawnCategories>
		<li>GHG_player</li>
		<li>GHG_wanderer</li>
	</spawnCategories>
</AlienRace.AlienBackstoryDef>

<AlienRace.AlienBackstoryDef ParentName="GHG_BackStoryBase"><!-- 仏教師獄卒 -->
	<defName>HotokeKyoushiGokusotsu</defName>
	<title>Teacher gokusotsu</title>
	<titleShort>Teacher gokusotsu</titleShort>
	<baseDesc>[PAWN_nameDef] was a soft-spoken teacher who worked at an educational institution was known as a Buddha in hell.</baseDesc>
	<skillGains>
		<li><key>Social</key><value>5</value></li>
		<li><key>Animals</key><value>2</value></li>
		<li><key>Intellectual</key><value>2</value></li>
	</skillGains>
	<forcedTraits>
		<Kind />
	</forcedTraits>
	<spawnCategories>
		<li>GHG_player</li>
		<li>GHG_wanderer</li>
	</spawnCategories>
</AlienRace.AlienBackstoryDef>

<AlienRace.AlienBackstoryDef ParentName="GHG_BackStoryBase"><!-- 鬼教師獄卒 -->
	<defName>OniKyoushiGokusotsu</defName>
	<title>Teacher gokusotsu</title>
	<titleShort>Teacher gokusotsu</titleShort>
	<baseDesc>[PAWN_nameDef] was a soft-spoken teacher who worked at an educational institution was known as a true demon teacher.</baseDesc>
	<skillGains>
		<li><key>Social</key><value>2</value></li>
		<li><key>Animals</key><value>4</value></li>
		<li><key>Melee</key><value>2</value></li>
	</skillGains>
	<forcedTraits>
		<Bloodlust />
	</forcedTraits>
	<spawnCategories>
		<li>GHG_player</li>
		<li>GHG_wanderer</li>
	</spawnCategories>
</AlienRace.AlienBackstoryDef>

<AlienRace.AlienBackstoryDef ParentName="GHG_BackStoryBase"><!-- 虚無教師獄卒 -->
	<defName>KyomuKyoushiGokusotsu</defName>
	<title>Teacher gokusotsu</title>
	<titleShort>Teacher gokusotsu</titleShort>
	<baseDesc>[PAWN_nameDef] was the kind of sloppy teacher who, if anything happened, would immediately turn to self-study and take a nap himself in the staff room.</baseDesc>
	<skillGains>
		<li><key>Social</key><value>1</value></li>
		<li><key>Animals</key><value>1</value></li>
		<li><key>Intellectual</key><value>4</value></li>
	</skillGains>
	<forcedTraits>
		<Industriousness>-1</Industriousness>
	</forcedTraits>
	<spawnCategories>
		<li>GHG_player</li>
		<li>GHG_wanderer</li>
	</spawnCategories>
</AlienRace.AlienBackstoryDef>

</Defs>