<?xml version="1.0" encoding="utf-8" ?>
<Defs>

<AlienRace.AlienBackstoryDef ParentName="GHG_BackStoryBase"><!-- 真面目な獄卒 -->
	<defName>EarnestGokusotsu</defName>
	<title>earnest gokusotsu</title>
	<titleShort>earnest gokusotsu</titleShort>
	<baseDesc>[PAWN_nameDef] is a serious hard worker. Often [PAWN_possessive] co-workers say [PAWN_pronoun] doesn't socialize well.</baseDesc>
	<skillGains>
		<li><key>Construction</key><value>2</value></li>
		<li><key>Mining</key><value>2</value></li>
		<li><key>Melee</key><value>3</value></li>
		<li><key>Shooting</key><value>3</value></li>
		<li><key>Social</key><value>-5</value></li>
	</skillGains>
	<spawnCategories>
		<li>GHG_player</li>
		<li>GHG_wanderer</li>
		<li>GHG_trader</li>
	</spawnCategories>
	<forcedTraits>
		<Industriousness>2</Industriousness>
	</forcedTraits>
</AlienRace.AlienBackstoryDef>

<AlienRace.AlienBackstoryDef ParentName="GHG_BackStoryBase"><!-- 不真面目な獄卒 -->
	<defName>LaidBackGokusotsu</defName>
	<title>laid-back gokusotsu</title>
	<titleShort>laid-back</titleShort>
	<baseDesc>[PAWN_nameDef] is not good at showing off his dignity or being hectic like a true hell guard.
[PAWN_possessive] favorite time was skipping work, get tipsy, and sitting around mahjong table with the dead.</baseDesc>
	<skillGains>
		<li><key>Social</key><value>5</value></li>
	</skillGains>
	<spawnCategories>
		<li>GHG_player</li>
		<li>GHG_wanderer</li>
		<li>GHG_trader</li>
	</spawnCategories>
	<forcedTraits>
		<Industriousness>-2</Industriousness>
	</forcedTraits>
</AlienRace.AlienBackstoryDef>

<AlienRace.AlienBackstoryDef ParentName="GHG_BackStoryBase"><!-- ドジな獄卒 -->
	<defName>CarelessGokusotsu</defName>
	<title>careless gokusotsu</title>
	<titleShort>careless</titleShort>
	<baseDesc>[PAWN_nameDef] was a careless gokusotsu and cause of headache for Disaster Prevention Division. Whether [PAWN_pronoun] drunk or sober, [PAWN_nameDef] frequently fell and getting stuck in iron bamboo or slipping and falling into blood pond.</baseDesc>
	<skillGains>
		<li><key>Social</key><value>2</value></li>
		<li><key>Melee</key><value>-2</value></li>
		<li><key>Medicine</key><value>1</value></li>
	</skillGains>
	<spawnCategories>
		<li>GHG_player</li>
		<li>GHG_wanderer</li>
	</spawnCategories>
	<forcedTraits>
	</forcedTraits>
	<forcedTraitsChance>
		<li>
			<defName>SlowLearner</defName>
			<chance>70</chance>
		</li>
	</forcedTraitsChance>
</AlienRace.AlienBackstoryDef>

<AlienRace.AlienBackstoryDef ParentName="GHG_BackStoryBase"><!-- 繊細な獄卒 -->
	<defName>SensitiveGokusotsu</defName>
	<title>sensitive gokusotsu</title>
	<titleShort>sensitive</titleShort>
	<baseDesc>[PAWN_nameDef] hated [PAWN_possessive] workplace, as [PAWN_pronoun] could feel the grief and suffering of the dead souls. Other gokusotsu often mocked for [PAWN_nameDef]'s cringing behavior, but depending on the task, [PAWN_pronoun] could do delicate work that would make others groan.</baseDesc>
	<skillGains>
		<li><key>Melee</key><value>-3</value></li>
		<li><key>Shooting</key><value>-3</value></li>
		<li><key>Animals</key><value>2</value></li>
		<li><key>Artistic</key><value>5</value></li>
		<li><key>Intellectual</key><value>3</value></li>
		<li><key>Medicine</key><value>3</value></li>
	</skillGains>
	<spawnCategories>
		<li>GHG_player</li>
		<li>GHG_wanderer</li>
	</spawnCategories>
	<forcedTraits>
	</forcedTraits>
	<forcedTraitsChance>
		<li>
			<defName>TorturedArtist</defName>
			<chance>70</chance>
		</li>
		<li>
			<defName>PsychicSensitivity</defName>
			<degree>2</degree>
			<chance>70</chance>
		</li>
	</forcedTraitsChance>
</AlienRace.AlienBackstoryDef>

<AlienRace.AlienBackstoryDef ParentName="GHG_BackStoryBase"><!-- 短気な獄卒 -->
	<defName>ShortTemperedGokusotsu</defName>
	<title>short-tempered gokusotsu</title>
	<titleShort>short-tempered</titleShort>
	<baseDesc>[PAWN_nameDef] is short-tempered. Where there is a fight, [PAWN_pronoun] is involved at a high rate.</baseDesc>
	<workDisables>Artistic, Social
	</workDisables>
	<skillGains>
		<li><key>Shooting</key><value>3</value></li>
		<li><key>Melee</key><value>5</value></li>
	</skillGains>
	<spawnCategories>
		<li>GHG_player</li>
		<li>GHG_wanderer</li>
	</spawnCategories>
	<forcedTraits>
		<Bloodlust>0</Bloodlust>
	</forcedTraits>
	<forcedTraitsChance>
		<li>
			<defName>Abrasive</defName>
			<chance>70</chance>
		</li>
		<li>
			<defName>PsychicSensitivity</defName>
			<degree>2</degree>
			<chance>70</chance>
		</li>
	</forcedTraitsChance>
</AlienRace.AlienBackstoryDef>

<AlienRace.AlienBackstoryDef ParentName="GHG_BackStoryBase"><!-- パリピな獄卒 -->
	<defName>ClubberGokusotsu</defName>
	<title>clubber gokusotsu</title>
	<titleShort>clubbers</titleShort>
	<baseDesc>[PAWN_nameDef] is a jolly good-natured party-loving fellow.</baseDesc>
	<workDisables>Intellectual, Cleaning</workDisables>
	<skillGains>
		<li><key>Social</key><value>7</value></li>
	</skillGains>
	<spawnCategories>
		<li>GHG_player</li>
		<li>GHG_trader</li>
	</spawnCategories>
	<forcedTraits>
	</forcedTraits>
	<forcedTraitsChance>
		<li>
			<defName>DrugDesire</defName>
			<degree>1</degree>
			<chance>70</chance>
		</li>
		<li>
			<defName>NaturalMood</defName>
			<degree>2</degree>
			<chance>100</chance>
		</li>
	</forcedTraitsChance>
</AlienRace.AlienBackstoryDef>

<AlienRace.AlienBackstoryDef ParentName="GHG_BackStoryBase"><!-- 大食いの獄卒 -->
	<defName>GluttonousGokusotsu</defName>
	<title>gluttonous gokusotsu</title>
	<titleShort>glutton</titleShort>
	<baseDesc>[PAWN_nameDef] was a glutton. [PAWN_pronoun] often ate the dead on the sly, causing a miscalculation of dead list.</baseDesc>
	<skillGains>
		<li><key>Cooking</key><value>1</value></li>
	</skillGains>
	<spawnCategories>
		<li>GHG_player</li>
		<li>GHG_wanderer</li>
		<li>GHG_boss</li>
	</spawnCategories>
	<forcedTraits>
		<Gourmand>0</Gourmand>
	</forcedTraits>
</AlienRace.AlienBackstoryDef>

<AlienRace.AlienBackstoryDef ParentName="GHG_BackStoryBase"><!-- バックラー獄卒 -->
	<defName>AbsenteeGokusotsu</defName>
	<title>absentee gokusotsu</title>
	<titleShort>absentee</titleShort>
	<baseDesc>[PAWN_nameDef] was often absent from work or disappeared without permission, leaving [PAWN_possessive] post to the dead and go missing, which was frowned upon by others.</baseDesc>
	<workDisables>Caring</workDisables>
	<skillGains>
		<li><key>Social</key><value>-5</value></li>
	</skillGains>
	<spawnCategories>
		<li>GHG_player</li>
		<li>GHG_wanderer</li>
	</spawnCategories>
	<forcedTraits>
		<Industriousness>-2</Industriousness>
		<SpeedOffset>2</SpeedOffset>
	</forcedTraits>
</AlienRace.AlienBackstoryDef>

<AlienRace.AlienBackstoryDef ParentName="GHG_BackStoryBase"><!-- 下戸の獄卒A -->
	<defName>NondrinkerGokusotsu_A</defName>
	<title>nondrinker gokusotsu</title>
	<titleShort>nondrinker</titleShort>
		<baseDesc>[PAWN_nameDef] is not a big fan of alcoholic beverages. [PAWN_pronoun] was also not convinced by the fact that the dead who was an alcoholic before their death, were being punished in a dedicated section, while the gokusotsu themselves were drinking all the time.</baseDesc>
	<skillGains>
		<li><key>Social</key><value>-1</value></li>
		<li><key>Medicine</key><value>3</value></li>
	</skillGains>
	<spawnCategories>
		<li>GHG_player</li>
		<li>GHG_wanderer</li>
	</spawnCategories>
	<forcedTraits>
		<DrugDesire>-1</DrugDesire>
	</forcedTraits>
	<disallowedTraits>
	</disallowedTraits>
</AlienRace.AlienBackstoryDef>

<AlienRace.AlienBackstoryDef ParentName="GHG_BackStoryBase"><!-- 下戸の獄卒B -->
	<defName>NondrinkerGokusotsu_B</defName>
	<title>nondrinker gokusotsu</title>
	<titleShort>nondrinker</titleShort>
		<baseDesc>Although [PAWN_nameDef] was not a big fan of alcoholic beverages, [PAWN_pronoun] was always present at banquets to enjoy co-workers' cringy wasted behavior and off-the-record stories that [PAWN_pronoun] could use to succeed in life.</baseDesc>
	<skillGains>
		<li><key>Social</key><value>3</value></li>
		<li><key>Medicine</key><value>1</value></li>
	</skillGains>
	<spawnCategories>
		<li>GHG_player</li>
		<li>GHG_wanderer</li>
		<li>GHG_trader</li>
	</spawnCategories>
	<forcedTraits>
		<DrugDesire>-1</DrugDesire>
	</forcedTraits>
	<disallowedTraits>
	</disallowedTraits>
</AlienRace.AlienBackstoryDef>

</Defs>