<?xml version="1.0" encoding="utf-8" ?>
<Defs>
<AlienRace.AlienBackstoryDef Abstract="True" Name="GHG_BackStoryBase_Child">
	<slot>Childhood</slot>
</AlienRace.AlienBackstoryDef>

<AlienRace.AlienBackstoryDef ParentName="GHG_BackStoryBase_Child"><!-- わんぱく -->
	<defName>NaughtyKids</defName>
	<title>Naughty kid</title>
	<titleShort>naughty kid</titleShort>
	<baseDesc>[PAWN_nameDef] was a naughty demon kid.</baseDesc>
	<skillGains>
		<li><key>Melee</key><value>3</value></li>
	</skillGains>
	<spawnCategories>
		<li>GHG_player</li>
		<li>GHG_wanderer</li>
		<li>GHG_boss</li>
		<li>GHG_trader</li>
	</spawnCategories>
	<forcedTraits>
	</forcedTraits>
</AlienRace.AlienBackstoryDef>

<AlienRace.AlienBackstoryDef ParentName="GHG_BackStoryBase_Child"><!-- オタク -->
	<defName>OtakuKids</defName>
	<title>Otaku kid</title>
	<titleShort>otaku</titleShort>
	<baseDesc>[PAWN_nameDef] was a nerdy demon kid.</baseDesc>
	<skillGains>
		<li><key>Intellectual</key><value>3</value></li>
	</skillGains>
	<spawnCategories>
		<li>GHG_player</li>
		<li>GHG_trader</li>
	</spawnCategories>
	<forcedTraits>
	</forcedTraits>
</AlienRace.AlienBackstoryDef>

<AlienRace.AlienBackstoryDef ParentName="GHG_BackStoryBase_Child"><!-- 昆虫博士 -->
	<defName>InsectKids</defName>
	<title>Insect kid</title>
	<titleShort>otaku</titleShort>
	<baseDesc>[PAWN_nameDef] was into insects.</baseDesc>
	<skillGains>
		<li><key>Intellectual</key><value>1</value></li>
		<li><key>Animals</key><value>3</value></li>
	</skillGains>
	<spawnCategories>
		<li>GHG_player</li>
		<li>GHG_wanderer</li>
	</spawnCategories>
	<forcedTraits>
	</forcedTraits>
</AlienRace.AlienBackstoryDef>

<AlienRace.AlienBackstoryDef ParentName="GHG_BackStoryBase_Child"><!-- ねぼすけ -->
	<defName>SleepyKids</defName>
	<title>Sleepy kid</title>
	<titleShort>sleepy</titleShort>
	<baseDesc>[PAWN_nameDef] was sleepy kid.</baseDesc>
	<disallowedTraits>
		<QuickSleeper>0</QuickSleeper>
	</disallowedTraits>
	<spawnCategories>
		<li>GHG_player</li>
		<li>GHG_boss</li>
	</spawnCategories>
	<forcedTraits>
	</forcedTraits>
</AlienRace.AlienBackstoryDef>

<AlienRace.AlienBackstoryDef ParentName="GHG_BackStoryBase_Child"><!-- 学級委員 -->
	<defName>ClassOfficer</defName>
	<title>class officer</title>
	<titleShort>class officer</titleShort>
	<baseDesc>[PAWN_nameDef] had taken a leadership role in the school as a member of the class officer.</baseDesc>
	<disallowedTraits>
		<Industriousness>2</Industriousness>
	</disallowedTraits>
	<spawnCategories>
		<li>GHG_player</li>
		<li>GHG_boss</li>
	</spawnCategories>
	<forcedTraits>
	</forcedTraits>
</AlienRace.AlienBackstoryDef>

<AlienRace.AlienBackstoryDef ParentName="GHG_BackStoryBase_Child"><!-- エキセントリック少年 -->
	<defName>Oddball</defName>
	<title>oddball</title>
	<titleShort>oddball</titleShort>
	<baseDesc>Eccentric behavior and demeanor made [PAWN_nameDef] stand out, but [PAWN_pronoun] didn't care much.</baseDesc>
	<skillGains>
		<li><key>Social</key><value>-2</value></li>
		<li><key>Artistic</key><value>3</value></li>
	</skillGains>
	<forcedTraits>
		<PsychicSensitivity>2</PsychicSensitivity>
	</forcedTraits>
	<spawnCategories>
		<li>GHG_player</li>
		<li>GHG_boss</li>
		<li>GHG_wanderer</li>
	</spawnCategories>
</AlienRace.AlienBackstoryDef>

<AlienRace.AlienBackstoryDef ParentName="GHG_BackStoryBase_Child"><!-- ぼっち -->
	<defName>Loner</defName>
	<title>loner</title>
	<titleShort>loner</titleShort>
	<baseDesc>[PAWN_nameDef] was always acting alone.</baseDesc>
	<skillGains>
		<li><key>Social</key><value>-5</value></li>
	</skillGains>
	<spawnCategories>
		<li>GHG_player</li>
		<li>GHG_wanderer</li>
	</spawnCategories>
	<forcedTraits>
	</forcedTraits>
	<forcedTraitsChance>
	</forcedTraitsChance>
</AlienRace.AlienBackstoryDef>

<AlienRace.AlienBackstoryDef ParentName="GHG_BackStoryBase_Child"><!-- モテモテ -->
	<defName>PopularKid</defName>
	<title>popular kid</title>
	<titleShort>popular kid</titleShort>
	<baseDesc>[PAWN_nameDef] was irresistible and always surrounded by friends [PAWN_possessive] own age.</baseDesc>
	<skillGains>
		<li><key>Social</key><value>5</value></li>
		<li><key>Crafting</key><value>-3</value></li>
	</skillGains>
	<spawnCategories>
		<li>GHG_player</li>
		<li>GHG_boss</li>
		<li>GHG_wanderer</li>
	</spawnCategories>
	<forcedTraits>
	</forcedTraits>
</AlienRace.AlienBackstoryDef>

<AlienRace.AlienBackstoryDef ParentName="GHG_BackStoryBase_Child"><!-- 地上生まれ -->
	<defName>EarthBred</defName>
	<title>Earth-bred</title>
	<titleShort>loner</titleShort>
	<baseDesc>[PAWN_nameDef]はどういうわけか地上に生まれ落ちた鬼子でした。人里で幾度かのトラブルを起こした後法師や陰陽師による更正プログラムを受けて育ちました。</baseDesc>
	<skillGains>
		<li><key>Social</key><value>2</value></li>
		<li><key>Plants</key><value>3</value></li>
		<li><key>Intellectual</key><value>1</value></li>
	</skillGains>
	<spawnCategories>
		<li>GHG_player</li>
		<li>GHG_boss</li>
		<li>GHG_wanderer</li>
	</spawnCategories>
	<forcedTraits>
	</forcedTraits>
</AlienRace.AlienBackstoryDef>

<AlienRace.AlienBackstoryDef ParentName="GHG_BackStoryBase_Child"><!-- 天邪鬼 -->
	<defName>PerverseKid</defName>
	<title>Perverse kid</title>
	<titleShort>perverse kid</titleShort>
	<baseDesc>[PAWN_nameDef] was a little perverse demon.</baseDesc>
	<workDisables>
		<li>Social</li>
	</workDisables>
	<skillGains>
		<li><key>Melee</key><value>2</value></li>
		<li><key>Intellectual</key><value>1</value></li>
	</skillGains>
	<forcedTraitsChance>
		<li>
			<defName>Abrasive</defName>
			<chance>80</chance>
		</li>
	</forcedTraitsChance>
	<spawnCategories>
		<li>GHG_player</li>
		<li>GHG_wanderer</li>
	</spawnCategories>
	<forcedTraits>
	</forcedTraits>
</AlienRace.AlienBackstoryDef>

<AlienRace.AlienBackstoryDef ParentName="GHG_BackStoryBase_Child"><!-- 鬼ごっこの達人 -->
	<defName>TagKing</defName>
	<title>Tag game king</title>
	<titleShort>tag king</titleShort>
	<baseDesc>Fast on his feet, [PAWN_nameDef] was unbeatable in a game of tag.</baseDesc>
	<forcedTraits>
		<SpeedOffset>2</SpeedOffset>
	</forcedTraits>
	<disallowedTraits>
		<Undergrounder>0</Undergrounder>
	</disallowedTraits>
	<spawnCategories>
		<li>GHG_player</li>
		<li>GHG_wanderer</li>
	</spawnCategories>
</AlienRace.AlienBackstoryDef>

<AlienRace.AlienBackstoryDef ParentName="GHG_BackStoryBase_Child"><!-- 正義の味方 -->
	<defName>ChampofJustice</defName>
	<title>Champion of justice</title>
	<titleShort>champ of justice</titleShort>
	<baseDesc>[PAWN_nameDef] dreamed of being a hero of justice.</baseDesc>
	<skillGains>
		<li><key>Melee</key><value>3</value></li>
	</skillGains>
	<forcedTraits>
		<Kind>0</Kind>
	</forcedTraits>
	<disallowedTraits>
		<Undergrounder>0</Undergrounder>
	</disallowedTraits>
	<spawnCategories>
		<li>GHG_player</li>
		<li>GHG_boss</li>
	</spawnCategories>
</AlienRace.AlienBackstoryDef>

<AlienRace.AlienBackstoryDef ParentName="GHG_BackStoryBase_Child"><!-- ファッションリーダー -->
	<defName>FashionLeader</defName>
	<title>Fashion leader</title>
	<titleShort>fashion leader</titleShort>
		<baseDesc>[PAWN_nameDef] loved fashion culture. [PAWN_pronoun] often went to the edge of the Sanzu River and steal clothes from the earth which is stripped from dead souls.</baseDesc>
	<skillGains>
		<li><key>Artistic</key><value>3</value></li>
		<li><key>Crafting</key><value>2</value></li>
	</skillGains>
	<disallowedTraits>
		<Undergrounder>0</Undergrounder>
	</disallowedTraits>
	<spawnCategories>
		<li>GHG_player</li>
		<li>GHG_boss</li>
	</spawnCategories>
	<forcedTraits>
	</forcedTraits>
</AlienRace.AlienBackstoryDef>

<AlienRace.AlienBackstoryDef ParentName="GHG_BackStoryBase_Child"><!-- 科学の子 -->
	<defName>ScienceKid</defName>
	<title>Science kid</title>
	<titleShort>science kid</titleShort>
		<baseDesc>[PAWN_nameDef] loved playing genius scientist, dissecting dead souls.</baseDesc>
	<skillGains>
		<li><key>Medicine</key><value>3</value></li>
		<li><key>Intellectual</key><value>1</value></li>
	</skillGains>
	<disallowedTraits>
		<Undergrounder>0</Undergrounder>
	</disallowedTraits>
	<spawnCategories>
		<li>GHG_player</li>
		<li>GHG_boss</li>
	</spawnCategories>
	<forcedTraits>
	</forcedTraits>
	<forcedTraitsChance>
	</forcedTraitsChance>
</AlienRace.AlienBackstoryDef>

<AlienRace.AlienBackstoryDef ParentName="GHG_BackStoryBase_Child"><!-- チャンバラ王者 -->
	<defName>ChanbaraChamp</defName>
	<title>Chanbara champion</title>
	<titleShort>chanbara champ</titleShort>
		<baseDesc>[PAWN_nameDef] loved chambara, and even when [PAWN_pronoun] was not involved, [PAWN_pronoun] would wave a stick around when [PAWN_pronoun] had one, give [PAWN_possessive] caretakers a lot of trouble.</baseDesc>
	<skillGains>
		<li><key>Melee</key><value>4</value></li>
		<li><key>Intellectual</key><value>-1</value></li>
	</skillGains>
	<spawnCategories>
		<li>GHG_player</li>
		<li>GHG_boss</li>
	</spawnCategories>
	<forcedTraits>
	</forcedTraits>
</AlienRace.AlienBackstoryDef>

<AlienRace.AlienBackstoryDef ParentName="GHG_BackStoryBase_Child"><!-- ロボキッズ -->
	<defName>Robotkid</defName>
	<title>Robot wannabe</title>
	<titleShort>robot wannabe</titleShort>
		<baseDesc>[PAWN_nameDef] was a dreamy child who longed for a machine body. A desire that was difficult to realize in hell was barely dissipated by crafts and chanbara.</baseDesc>
	<skillGains>
		<li><key>Melee</key><value>2</value></li>
		<li><key>Intellectual</key><value>1</value></li>
	</skillGains>
	<forcedTraits>
		<Transhumanist>0</Transhumanist>
	</forcedTraits>
	<spawnCategories>
		<li>GHG_player</li>
		<li>GHG_boss</li>
	</spawnCategories>
</AlienRace.AlienBackstoryDef>

<AlienRace.AlienBackstoryDef ParentName="GHG_BackStoryBase_Child"><!-- 腰巾着キッズ -->
	<defName>Shadowkid</defName>
	<title>Bully's shadow</title>
	<titleShort>shadow</titleShort>
		<baseDesc>[PAWN_nameDef] was a kid who was adept at settling into the position of henchman by flattering another kid who had the most power in the moment.</baseDesc>
	<skillGains>
		<li><key>Melee</key><value>2</value></li>
		<li><key>Intellectual</key><value>1</value></li>
	</skillGains>
	<forcedTraits>
		<Transhumanist>0</Transhumanist>
	</forcedTraits>
	<spawnCategories>
		<li>GHG_player</li>
		<li>GHG_boss</li>
	</spawnCategories>
</AlienRace.AlienBackstoryDef>

</Defs>