<?xml version="1.0" encoding="utf-8" ?>
<Defs>

<RulePackDef>
	<defName>NamerGHGUtility</defName>
		<rulePack>
			<rulesStrings>
				<li>GHG_NameM->[On_First][On_Middle][Maru]</li><!-- XX丸 -->
				<li>GHG_NameM->[Kun_First][Kun_Last]</li>
				<li>GHG_NameM->[On_Middle][On_Last]</li>
				<li>GHG_NameM->[Kun_First][Emon]</li><!-- XX衛門 -->
				<li>GHG_NameM->[Kun_Last][Emon]</li>
				<li>GHG_NameM->[On_First][Emon]</li>
				<li>GHG_NameM->[On_Middle][Emon]</li>
				<li>GHG_NameM->[On_Last][Emon]</li>
				<li>GHG_NameM->[On_First][Number]</li>
				<li>GHG_NameM->[Kun_First][Number]</li>
				<li>GHG_NameM->[On_First][Suke_Rou]</li><!-- XX之助 -->
				<li>GHG_NameM->[On_Middle][Suke_Rou]</li>
				<li>GHG_NameM->[On_Last][Suke_Rou]</li>
				<li>GHG_NameM->[Kun_First][Suke_Rou]</li>
				<li>GHG_NameM->[Kun_Last][Suke_Rou]</li>
				<li>GHG_Surname->[Surname]</li>
			</rulesStrings>
			<rulesFiles>
				<li>On_First->Names/OnFirst</li>
				<li>On_Middle->Names/OnMiddle</li>
				<li>On_Last->Names/OnLast</li>
				<li>Kun_First->Names/KunFirst</li>
				<li>Kun_Last->Names/KunLast</li>
				<li>Suke_Rou->Names/SukeRou</li>
				<li>Number->Names/Number</li>
				<li>Maru->Names/Maru</li>
				<li>Emon->Names/Emon</li>
				<li>Surname->Names/Surname</li>
			</rulesFiles>
		</rulePack>
</RulePackDef>

<RulePackDef>
	<defName>NamerGHG</defName>
		<include>
			<li>NamerGHGUtility</li>
		</include>
		<rulePack>
			<rulesStrings>
				<li>r_name->[GHG_Surname] [GHG_NameM]</li>
			</rulesStrings>
		</rulePack>
</RulePackDef>

</Defs>
