<?xml version="1.0" encoding="utf-8" ?>
<Defs>
<ThingCategoryDef>
	<defName>GHG_Apparel</defName>
	<label>Gokusotsu's apparels</label>
	<parent>Apparel</parent>
</ThingCategoryDef>

<ThingDef Name="GHG_ApparelBase" ParentName="ApparelBase" Abstract="True">
	<recipeMaker>
		<recipeUsers>
			<li>HandTailoringBench</li>
			<li>ElectricTailoringBench</li>
		</recipeUsers>
		<workSpeedStat>GeneralLaborSpeed</workSpeedStat>
		<workSkill>Crafting</workSkill>
		<effectWorking>Tailor</effectWorking>
		<soundWorking>Recipe_Tailor</soundWorking>
		<unfinishedThingDef>UnfinishedApparel</unfinishedThingDef>
	</recipeMaker>
	<techLevel>Medieval</techLevel>
	<thingCategories>
		<li>GHG_Apparel</li>
	</thingCategories>
	<colorGenerator Class="ColorGenerator_StandardApparel" />
	<tradeTags>
		<li>GHG_Apparel</li>
	</tradeTags>
</ThingDef>	

<ThingDef ParentName="GHG_ApparelBase"><!-- 褌A -->
	<defName>Apparel_FundoshiA</defName>
		<label>Loincloth A</label>
		<description>An old-fashioned undergarment made of a single piece of cloth about six feet long.</description>

	<graphicData>
		<texPath>Things/Apparel/FundoshiA</texPath>
		<graphicClass>Graphic_Single</graphicClass>
	</graphicData>

	<statBases>
		<WorkToMake>2000</WorkToMake>
		<MaxHitPoints>120</MaxHitPoints>
		<Mass>0.1</Mass>
		<StuffEffectMultiplierArmor>0.05</StuffEffectMultiplierArmor>
		<StuffEffectMultiplierInsulation_Cold>0.05</StuffEffectMultiplierInsulation_Cold>
		<StuffEffectMultiplierInsulation_Heat>0.05</StuffEffectMultiplierInsulation_Heat>
		<EquipDelay>1.0</EquipDelay>
	</statBases>

	<stuffCategories>
		<li>Fabric</li>
	</stuffCategories>
	<costStuffCount>25</costStuffCount>

	<apparel>
		<bodyPartGroups>
			<li>Waist</li>
			<li>Legs</li>
			<li MayRequire="rim.job.world">GenitalsBPG</li>
		</bodyPartGroups>
		<layers>
			<li>OnSkin</li>
		</layers>
		<wornGraphicPath>Things/Apparel/FundoshiA</wornGraphicPath>
	<tags>
		<li>GHG_Basic</li>
	</tags>
	<defaultOutfitTags>
		<li>Worker</li>
		<li>Soldier</li>
	</defaultOutfitTags>
	</apparel>
</ThingDef>

<ThingDef ParentName="GHG_ApparelBase"><!-- 褌B -->
	<defName>Apparel_FundoshiB</defName>
		<label>Loincloth B</label>
		<description>Loincloth with a front hanging down.</description>

	<graphicData>
		<texPath>Things/Apparel/FundoshiB</texPath>
		<graphicClass>Graphic_Single</graphicClass>
	</graphicData>

	<statBases>
		<WorkToMake>2000</WorkToMake>
		<MaxHitPoints>120</MaxHitPoints>
		<Mass>0.1</Mass>
		<StuffEffectMultiplierArmor>0.05</StuffEffectMultiplierArmor>
		<StuffEffectMultiplierInsulation_Cold>0.05</StuffEffectMultiplierInsulation_Cold>
		<StuffEffectMultiplierInsulation_Heat>0.05</StuffEffectMultiplierInsulation_Heat>
		<EquipDelay>1.0</EquipDelay>
	</statBases>

	<stuffCategories>
		<li>Fabric</li>
	</stuffCategories>
	<costStuffCount>25</costStuffCount>

	<apparel>
		<bodyPartGroups>
			<li>Waist</li>
			<li>Legs</li>
			<li MayRequire="rim.job.world">GenitalsBPG</li>
		</bodyPartGroups>
		<layers>
			<li>OnSkin</li>
		</layers>
		<wornGraphicPath>Things/Apparel/FundoshiB</wornGraphicPath>
	<tags>
		<li>GHG_Basic</li>
	</tags>
	<defaultOutfitTags>
		<li>Worker</li>
		<li>Soldier</li>
	</defaultOutfitTags>
	</apparel>
</ThingDef>

<ThingDef ParentName="GHG_ApparelBase"><!-- 横幅衣・腰布 -->
	<defName>Apparel_Koshinuno</defName>
		<label>Waistwrap</label>
		<description>Rough garment to cover waist and hips like dhoti or sarong or pareo.</description>

	<graphicData>
		<texPath>Things/Apparel/Koshinuno</texPath>
		<graphicClass>Graphic_Single</graphicClass>
		<!-- <shaderType>CutoutComplex</shaderType> -->
	</graphicData>

	<statBases>
		<WorkToMake>1500</WorkToMake>
		<MaxHitPoints>230</MaxHitPoints>
		<Mass>0.5</Mass>
		<StuffEffectMultiplierArmor>0.2</StuffEffectMultiplierArmor>
		<StuffEffectMultiplierInsulation_Cold>0.1</StuffEffectMultiplierInsulation_Cold>
		<StuffEffectMultiplierInsulation_Heat>0.01</StuffEffectMultiplierInsulation_Heat>
		<EquipDelay>1.0</EquipDelay>
	</statBases>

	<stuffCategories>
		<li>Fabric</li>
		<li>Leathery</li>
	</stuffCategories>
	<costStuffCount>55</costStuffCount>

	<apparel>
		<bodyPartGroups>
			<li>Legs</li>
			<li MayRequire="rim.job.world">GenitalsBPG</li>
		</bodyPartGroups>
		<layers>
			<li>Middle</li>
		</layers>
		<wornGraphicPath>Things/Apparel/Koshinuno</wornGraphicPath>
		<useWornGraphicMask>true</useWornGraphicMask>
	<tags>
		<li>GHG_Basic</li>
	</tags>
	<defaultOutfitTags>
		<li>Worker</li>
		<li>Soldier</li>
	</defaultOutfitTags>
	</apparel>
</ThingDef>

<ThingDef ParentName="GHG_ApparelBase"><!-- 横幅衣・肩 -->
	<defName>Apparel_OufukuCape</defName>
		<label>Short cape</label>
		<description>Rough, simple cape.</description>

	<graphicData>
		<texPath>Things/Apparel/OufukuCape</texPath>
		<graphicClass>Graphic_Single</graphicClass>
	</graphicData>

	<statBases>
		<WorkToMake>1200</WorkToMake>
		<MaxHitPoints>250</MaxHitPoints>
		<Mass>0.5</Mass>
		<StuffEffectMultiplierArmor>0.25</StuffEffectMultiplierArmor>
		<StuffEffectMultiplierInsulation_Cold>0.7</StuffEffectMultiplierInsulation_Cold>
		<StuffEffectMultiplierInsulation_Heat>0.05</StuffEffectMultiplierInsulation_Heat>
		<EquipDelay>1</EquipDelay>
	</statBases>

	<stuffCategories>
		<li>Fabric</li>
		<li>Leathery</li>
	</stuffCategories>
	<costStuffCount>65</costStuffCount>

	<apparel>
		<bodyPartGroups>
			<li>Neck</li>
			<li>Shoulders</li>
		</bodyPartGroups>
		<layers>
			<li>Shell</li>
		</layers>
		<wornGraphicPath>Things/Apparel/OufukuCape</wornGraphicPath>
	<tags>
		<li>GHG_Basic</li>
		<li>GHG_Melee</li>
		<li>GHG_Ranged</li>
		<li>GHG_Boss</li>
	</tags>
	<defaultOutfitTags>
		<li>Worker</li>
		<li>Soldier</li>
	</defaultOutfitTags>
	</apparel>

</ThingDef>

<ThingDef ParentName="GHG_ApparelBase"><!-- 法被 -->
	<defName>Apparel_Happi</defName>
		<label>Happi coat</label>
		<description>A modern coat for workers, artisans and traders.</description>

	<graphicData>
		<texPath>Things/Apparel/Happi</texPath>
		<graphicClass>Graphic_Single</graphicClass>
	</graphicData>

	<statBases>
		<WorkToMake>1200</WorkToMake>
		<MaxHitPoints>250</MaxHitPoints>
		<Mass>0.5</Mass>
		<StuffEffectMultiplierArmor>0.1</StuffEffectMultiplierArmor>
		<StuffEffectMultiplierInsulation_Cold>0.75</StuffEffectMultiplierInsulation_Cold>
		<StuffEffectMultiplierInsulation_Heat>0.1</StuffEffectMultiplierInsulation_Heat>
		<EquipDelay>1</EquipDelay>
	</statBases>

	<stuffCategories>
		<li>Fabric</li>
		<li>Leathery</li>
	</stuffCategories>
	<costStuffCount>65</costStuffCount>

	<apparel>
		<bodyPartGroups>
			<li>Neck</li>
			<li>Shoulders</li>
			<li>Torso</li>
			<li MayRequire="rim.job.world">ChestBPG</li>
			<li MayRequire="rim.job.world">FlankBPG</li>
		</bodyPartGroups>
		<layers>
			<li>Shell</li>
		</layers>
		<wornGraphicPath>Things/Apparel/Happi</wornGraphicPath>
	<tags>
		<li>GHG_Trader</li>
	</tags>
	<defaultOutfitTags>
		<li>Worker</li>
	</defaultOutfitTags>
	</apparel>

</ThingDef>

<ThingDef ParentName="GHG_ApparelBase"><!-- 長手甲 -->
	<defName>Apparel_Nagatekkou</defName>
		<label>Arm guard</label>
		<description>full length underwear to cover shoulders and arms.</description>

	<graphicData>
		<texPath>Things/Apparel/NagaTekkou</texPath>
		<graphicClass>Graphic_Single</graphicClass>
	</graphicData>

	<statBases>
		<WorkToMake>1800</WorkToMake>
		<MaxHitPoints>150</MaxHitPoints>
		<Mass>0.3</Mass>
		<StuffEffectMultiplierArmor>0.2</StuffEffectMultiplierArmor>
		<StuffEffectMultiplierInsulation_Cold>0.5</StuffEffectMultiplierInsulation_Cold>
		<StuffEffectMultiplierInsulation_Heat>0.01</StuffEffectMultiplierInsulation_Heat>
		<EquipDelay>1</EquipDelay>
	</statBases>

	<stuffCategories>
		<li>Fabric</li>
		<li>Leathery</li>
	</stuffCategories>
	<costStuffCount>45</costStuffCount>

	<apparel>
		<countsAsClothingForNudity>false</countsAsClothingForNudity><!-- false=ヌーディスト向け -->
		<bodyPartGroups>
			<li>Arms</li>
			<li>Hands</li>
		</bodyPartGroups>
		<layers>
			<li>OnSkin</li>
		</layers>
		<wornGraphicPath>Things/Apparel/NagaTekkou</wornGraphicPath>
	<tags>
		<li>GHG_Melee</li>
		<li>GHG_Ranged</li>
		<li>GHG_Boss</li>
		<li>GHG_Trader</li>
	</tags>
	<defaultOutfitTags>
		<li>Worker</li>
		<li>Soldier</li>
	</defaultOutfitTags>
	</apparel>

</ThingDef>

<ThingDef ParentName="GHG_ApparelBase"><!-- 籠手 -->
	<defName>Apparel_Kote</defName>
		<label>Gauntlets</label>
		<description>A pair of gauntlets for melee fighter.</description>

	<graphicData>
		<texPath>Things/Apparel/Kote</texPath>
		<graphicClass>Graphic_Single</graphicClass>
	</graphicData>

	<statBases>
		<WorkToMake>5000</WorkToMake>
		<MaxHitPoints>240</MaxHitPoints>
		<Mass>4</Mass>
		<StuffEffectMultiplierArmor>0.7</StuffEffectMultiplierArmor>
		<StuffEffectMultiplierInsulation_Cold>0.15</StuffEffectMultiplierInsulation_Cold>
		<StuffEffectMultiplierInsulation_Heat>0</StuffEffectMultiplierInsulation_Heat>
		<EquipDelay>5</EquipDelay>
	</statBases>

	<stuffCategories>
		<li>Fabric</li>
		<li>Leathery</li>
		<li>Metallic</li>
	</stuffCategories>
	<costStuffCount>45</costStuffCount>

	<equippedStatOffsets>
		<MeleeArmorPenetration>0.05</MeleeArmorPenetration>
		<MeleeDodgeChance>0.1</MeleeDodgeChance>
	</equippedStatOffsets>

	<apparel>
		<countsAsClothingForNudity>false</countsAsClothingForNudity><!-- false=ヌーディスト向け -->
		<bodyPartGroups>
			<li>Arms</li>
			<li>Hands</li>
		</bodyPartGroups>
		<layers>
			<li>Middle</li>
		</layers>
	<tags>
		<li>GHG_Melee</li>
		<li>GHG_Boss</li>
		<li>GHG_Trader</li>
	</tags>
	<defaultOutfitTags>
		<li>Soldier</li>
	</defaultOutfitTags>
	</apparel>

</ThingDef>

<ThingDef ParentName="GHG_ApparelBase"><!-- 射籠手 -->
	<defName>Apparel_Igote</defName>
		<label>Bracer</label>
		<description>A long bracer for archer.</description>

	<graphicData>
		<texPath>Things/Apparel/Igote</texPath>
		<graphicClass>Graphic_Single</graphicClass>
	</graphicData>

	<statBases>
		<WorkToMake>5000</WorkToMake>
		<MaxHitPoints>240</MaxHitPoints>
		<Mass>4</Mass>
		<StuffEffectMultiplierArmor>0.7</StuffEffectMultiplierArmor>
		<StuffEffectMultiplierInsulation_Cold>0.15</StuffEffectMultiplierInsulation_Cold>
		<StuffEffectMultiplierInsulation_Heat>0</StuffEffectMultiplierInsulation_Heat>
		<EquipDelay>5</EquipDelay>
	</statBases>

	<stuffCategories>
		<li>Leathery</li>
		<li>Metallic</li>
	</stuffCategories>
	<costStuffCount>45</costStuffCount>

	<equippedStatOffsets>
		<ShootingAccuracyPawn>0.05</ShootingAccuracyPawn>
		<AimingDelayFactor>-0.1</AimingDelayFactor>
	</equippedStatOffsets>

	<apparel>
		<countsAsClothingForNudity>false</countsAsClothingForNudity><!-- false=ヌーディスト向け -->
		<bodyPartGroups>
			<li>Arms</li>
			<li>Hands</li>
		</bodyPartGroups>
		<layers>
			<li>Middle</li>
		</layers>
		<wornGraphicPath>Things/Apparel/Igote</wornGraphicPath>
		<useWornGraphicMask>true</useWornGraphicMask>
	<tags>
		<li>GHG_Ranged</li>
		<li>GHG_Boss</li>
		<li>GHG_Trader</li>
	</tags>
	<defaultOutfitTags>
		<li>Soldier</li>
	</defaultOutfitTags>
	</apparel>

</ThingDef>

<ThingDef ParentName="GHG_ApparelBase"><!-- 脚絆 -->
	<defName>Apparel_Kyahan</defName>
		<label>Gaiters</label>
		<description>A pair of gaiters.</description>

	<graphicData>
		<texPath>Things/Apparel/Kyahan</texPath>
		<graphicClass>Graphic_Single</graphicClass>
	</graphicData>

	<statBases>
		<WorkToMake>5000</WorkToMake>
		<MaxHitPoints>250</MaxHitPoints>
		<Mass>4</Mass>
		<StuffEffectMultiplierArmor>0.7</StuffEffectMultiplierArmor>
		<StuffEffectMultiplierInsulation_Cold>0.15</StuffEffectMultiplierInsulation_Cold>
		<StuffEffectMultiplierInsulation_Heat>0</StuffEffectMultiplierInsulation_Heat>
		<EquipDelay>5</EquipDelay>
	</statBases>

	<stuffCategories>
		<li>Leathery</li>
		<li>Metallic</li>
	</stuffCategories>
	<costStuffCount>45</costStuffCount>

	<apparel>
		<countsAsClothingForNudity>false</countsAsClothingForNudity><!-- false=ヌーディスト向け -->
		<bodyPartGroups>
			<li>Legs</li>
			<li>Feet</li>
		</bodyPartGroups>
		<layers>
			<li>Shell</li>
		</layers>
	<tags>
		<li>GHG_Melee</li>
		<li>GHG_Ranged</li>
		<li>GHG_Boss</li>
		<li>GHG_Trader</li>
	</tags>
	<defaultOutfitTags>
		<li>Soldier</li>
	</defaultOutfitTags>
	</apparel>

</ThingDef>

<ThingDef ParentName="GHG_ApparelBase"><!-- 数珠 -->
	<defName>Apparel_Nenju</defName>
		<label>Prayer beads</label>
		<description>Prayer beads which can grant you protective power.</description>

	<graphicData>
		<texPath>Things/Apparel/Nenju</texPath>
		<graphicClass>Graphic_Single</graphicClass>
		<shaderType>CutoutComplex</shaderType>
	</graphicData>

	<statBases>
		<WorkToMake>9000</WorkToMake>
		<MaxHitPoints>250</MaxHitPoints>
		<Mass>1</Mass>
		<StuffEffectMultiplierArmor>0.85</StuffEffectMultiplierArmor>
		<StuffEffectMultiplierInsulation_Cold>0.1</StuffEffectMultiplierInsulation_Cold>
		<StuffEffectMultiplierInsulation_Heat>0</StuffEffectMultiplierInsulation_Heat>
		<ArmorRating_Sharp>1.0</ArmorRating_Sharp>
		<ArmorRating_Blunt>0.5</ArmorRating_Blunt>
		<ArmorRating_Heat>0.7</ArmorRating_Heat>
		<EquipDelay>1</EquipDelay>
	</statBases>

	<stuffCategories>
		<li>Stony</li>
		<li>Metallic</li>
	</stuffCategories>
	<costStuffCount>65</costStuffCount>

	<apparel>
		<countsAsClothingForNudity>false</countsAsClothingForNudity><!-- false=ヌーディスト向け -->
		<bodyPartGroups>
			<li>FullHead</li>
			<li>Neck</li>
			<li>Torso</li>
			<li>Legs</li>
		</bodyPartGroups>
		<layers>
			<li>GHG_Amulet</li>
		</layers>
		<wornGraphicPath>Things/Apparel/Nenju</wornGraphicPath>
		<useWornGraphicMask>true</useWornGraphicMask>
	<tags>
		<li>GHG_Melee</li>
		<li>GHG_Ranged</li>
		<li>GHG_Boss</li>
		<li>GHG_Trader</li>
	</tags>
	<defaultOutfitTags>
		<li>Worker</li>
		<li>Soldier</li>
	</defaultOutfitTags>
	</apparel>

</ThingDef>

	<ApparelLayerDef>
		<defName>GHG_Amulet</defName>
		<label>amulet</label>
		<drawOrder>510</drawOrder>
	</ApparelLayerDef>

</Defs>