<?xml version="1.0" encoding="utf-8" ?>
<Patch>
	<Operation Class="PatchOperationSequence">
	<success>Always</success>
		<operations>

		<li Class="PatchOperationFindMod">
			<mods>
				<li>Royalty</li>
			</mods> 
			<match Class="PatchOperationAdd">
			<xpath>Defs/FactionDef[defName = "Empire"]/permanentEnemyToEveryoneExcept</xpath>
				<value>
					<li>GHG_PlayerFaction</li>
				</value>
			</match>
		</li>

		<!-- <li Class="PatchOperationAdd">
			<xpath>Defs/AlienRace.ThingDef_AlienRace[defName = "BaseGHG"]/alienRace/raceRestriction/whiteApparelList</xpath>
			<value>
				<li>Apparel_PackJump</li>
				<li>Apparel_PackBroadshield</li>
			</value>
		</li>

		<li Class="PatchOperationAdd">
			<xpath>Defs/AlienRace.ThingDef_AlienRace[defName = "BaseGHG"]/recipes</xpath>
			<value>
				<li>CureBloodRot</li>
				<li>CureAbasia</li>
			</value>
		</li> -->
	</operations>
</Operation>
</Patch>